image,pred
xxx00001,0
xxx00002,0
xxx00003,1
xxx00004,1
xxx00005,1
xxx00006,1
xxx00007,0
xxx00008,1
xxx00009,1
xxx00010,0
xxx00011,0
xxx00012,1
xxx00013,1
xxx00014,1
xxx00015,0
xxx00016,0
xxx00017,1
xxx00018,0
xxx00019,0
xxx00020,1
xxx00021,0
xxx00022,0
xxx00023,1
xxx00024,0
xxx00025,1
xxx00026,0
xxx00027,0
xxx00028,0
xxx00029,0
xxx00030,1
xxx00031,0
xxx00032,1
xxx00033,1
xxx00034,0
xxx00035,0
xxx00036,1
xxx00037,1
xxx00038,0
xxx00039,0
xxx00040,0
xxx00041,0
xxx00042,1
xxx00043,1
xxx00044,0
xxx00045,0
xxx00046,0
xxx00047,0
xxx00048,0
xxx00049,0
xxx00050,0
xxx00051,0
xxx00052,1
xxx00053,1
xxx00054,0
xxx00055,0
xxx00056,0
xxx00057,0
xxx00058,0
xxx00059,0
xxx00060,0
xxx00061,0
xxx00062,0
xxx00063,1
xxx00064,1
xxx00065,0
xxx00066,0
xxx00067,0
xxx00068,1
xxx00069,1
xxx00070,1
xxx00071,0
xxx00072,0
xxx00073,1
xxx00074,1
xxx00075,0
xxx00076,0
xxx00077,0
xxx00078,0
xxx00079,0
xxx00080,0
xxx00081,1
xxx00082,1
xxx00083,0
xxx00084,1
xxx00085,0
xxx00086,0
xxx00087,1
xxx00088,0
xxx00089,0
xxx00090,0
xxx00091,0
xxx00092,1
xxx00093,1
xxx00094,0
xxx00095,1
xxx00096,0
xxx00097,1
xxx00098,0
xxx00099,0
xxx00100,1
xxx00101,1
xxx00102,1
xxx00103,1
xxx00104,1
xxx00105,0
xxx00106,0
xxx00107,1
xxx00108,1
xxx00109,1
xxx00110,1
xxx00111,1
xxx00112,1
xxx00113,1
xxx00114,0
xxx00115,1
xxx00116,1
xxx00117,0
xxx00118,0
xxx00119,0
xxx00120,1
xxx00121,1
xxx00122,0
xxx00123,0
xxx00124,0
xxx00125,0
xxx00126,1
xxx00127,0
xxx00128,1
xxx00129,0
xxx00130,0
xxx00131,1
xxx00132,0
xxx00133,1
xxx00134,1
xxx00135,0
xxx00136,1
xxx00137,1
xxx00138,1
xxx00139,1
xxx00140,0
xxx00141,0
xxx00142,1
xxx00143,1
xxx00144,1
xxx00145,0
xxx00146,0
xxx00147,0
xxx00148,0
xxx00149,0
xxx00150,0
xxx00151,0
xxx00152,0
xxx00153,1
xxx00154,0
xxx00155,0
xxx00156,0
xxx00157,0
xxx00158,0
xxx00159,1
xxx00160,0
xxx00161,0
xxx00162,0
xxx00163,0
xxx00164,1
xxx00165,0
xxx00166,0
xxx00167,0
xxx00168,0
xxx00169,1
xxx00170,1
xxx00171,1
xxx00172,1
xxx00173,1
xxx00174,0
xxx00175,1
xxx00176,1
xxx00177,1
xxx00178,0
xxx00179,1
xxx00180,0
xxx00181,0
xxx00182,1
xxx00183,1
xxx00184,1
xxx00185,1
xxx00186,0
xxx00187,0
xxx00188,1
xxx00189,0
xxx00190,0
xxx00191,1
xxx00192,0
xxx00193,1
xxx00194,0
xxx00195,0
xxx00196,1
xxx00197,0
xxx00198,0
xxx00199,0
xxx00200,1
xxx00201,1
xxx00202,0
xxx00203,0
xxx00204,1
xxx00205,1
xxx00206,1
xxx00207,0
xxx00208,0
xxx00209,1
xxx00210,1
xxx00211,1
xxx00212,1
xxx00213,1
xxx00214,1
xxx00215,1
xxx00216,0
xxx00217,1
xxx00218,1
xxx00219,0
xxx00220,0
xxx00221,0
xxx00222,0
xxx00223,1
xxx00224,0
xxx00225,1
xxx00226,0
xxx00227,1
xxx00228,0
xxx00229,0
xxx00230,1
xxx00231,0
xxx00232,0
xxx00233,0
xxx00234,0
xxx00235,0
xxx00236,1
xxx00237,0
xxx00238,0
xxx00239,0
xxx00240,0
xxx00241,1
xxx00242,1
xxx00243,1
xxx00244,1
xxx00245,1
xxx00246,1
xxx00247,1
xxx00248,1
xxx00249,1
xxx00250,0
xxx00251,1
xxx00252,1
xxx00253,0
xxx00254,1
xxx00255,1
xxx00256,1
xxx00257,0
xxx00258,0
xxx00259,1
xxx00260,0
xxx00261,1
xxx00262,1
xxx00263,1
xxx00264,0
xxx00265,1
xxx00266,1
xxx00267,0
xxx00268,1
xxx00269,1
xxx00270,0
xxx00271,0
xxx00272,0
xxx00273,0
xxx00274,1
xxx00275,0
xxx00276,0
xxx00277,0
xxx00278,0
xxx00279,0
xxx00280,1
xxx00281,0
xxx00282,1
xxx00283,1
xxx00284,1
xxx00285,1
xxx00286,1
xxx00287,0
xxx00288,1
xxx00289,0
xxx00290,1
xxx00291,1
xxx00292,0
xxx00293,1
xxx00294,1
xxx00295,0
xxx00296,1
xxx00297,1
xxx00298,1
xxx00299,0
xxx00300,0
xxx00301,1
xxx00302,0
xxx00303,1
xxx00304,1
xxx00305,0
xxx00306,1
xxx00307,1
xxx00308,0
xxx00309,0
xxx00310,0
xxx00311,1
xxx00312,0
xxx00313,0
xxx00314,0
xxx00315,1
xxx00316,0
xxx00317,0
xxx00318,1
xxx00319,1
xxx00320,1
xxx00321,0
xxx00322,1
xxx00323,0
xxx00324,0
xxx00325,0
xxx00326,1
xxx00327,1
xxx00328,0
xxx00329,1
xxx00330,0
xxx00331,0
xxx00332,0
xxx00333,0
xxx00334,0
xxx00335,1
xxx00336,1
xxx00337,1
xxx00338,0
xxx00339,0
xxx00340,1
xxx00341,1
xxx00342,1
xxx00343,0
xxx00344,1
xxx00345,0
xxx00346,0
xxx00347,1
xxx00348,0
xxx00349,1
xxx00350,1
xxx00351,0
xxx00352,1
xxx00353,0
xxx00354,1
xxx00355,0
xxx00356,1
xxx00357,0
xxx00358,1
xxx00359,1
xxx00360,1
xxx00361,1
xxx00362,1
xxx00363,1
xxx00364,0
xxx00365,0
xxx00366,1
xxx00367,1
xxx00368,1
xxx00369,1
xxx00370,0
xxx00371,0
xxx00372,0
xxx00373,1
xxx00374,0
xxx00375,0
xxx00376,1
xxx00377,0
xxx00378,1
xxx00379,0
xxx00380,0
xxx00381,1
xxx00382,0
xxx00383,0
xxx00384,1
xxx00385,0
xxx00386,1
xxx00387,0
xxx00388,0
xxx00389,1
xxx00390,0
xxx00391,1
xxx00392,0
xxx00393,0
xxx00394,0
xxx00395,0
xxx00396,0
xxx00397,1
xxx00398,0
xxx00399,1
xxx00400,0
xxx00401,0
xxx00402,0
xxx00403,0
xxx00404,1
xxx00405,1
xxx00406,0
xxx00407,0
xxx00408,1
xxx00409,0
xxx00410,0
xxx00411,0
xxx00412,0
xxx00413,1
xxx00414,0
xxx00415,1
xxx00416,1
xxx00417,0
xxx00418,1
xxx00419,1
xxx00420,0
xxx00421,0
xxx00422,0
xxx00423,0
xxx00424,1
xxx00425,1
xxx00426,1
xxx00427,0
xxx00428,0
xxx00429,0
xxx00430,1
xxx00431,1
xxx00432,0
xxx00433,1
xxx00434,1
xxx00435,0
xxx00436,1
xxx00437,1
xxx00438,0
xxx00439,1
xxx00440,0
xxx00441,0
xxx00442,1
xxx00443,1
xxx00444,0
xxx00445,1
xxx00446,1
xxx00447,1
xxx00448,0
xxx00449,1
xxx00450,0
xxx00451,0
xxx00452,0
xxx00453,1
xxx00454,0
xxx00455,1
xxx00456,0
xxx00457,0
xxx00458,1
xxx00459,0
xxx00460,1
xxx00461,0
xxx00462,0
xxx00463,0
xxx00464,0
xxx00465,0
xxx00466,1
xxx00467,1
xxx00468,1
xxx00469,1
xxx00470,1
xxx00471,0
xxx00472,0
xxx00473,0
xxx00474,0
xxx00475,0
xxx00476,1
xxx00477,0
xxx00478,1
xxx00479,0
xxx00480,0
xxx00481,1
xxx00482,0
xxx00483,1
xxx00484,0
xxx00485,0
xxx00486,0
xxx00487,1
xxx00488,1
xxx00489,0
xxx00490,0
xxx00491,0
xxx00492,0
xxx00493,0
xxx00494,1
xxx00495,0
xxx00496,1
xxx00497,0
xxx00498,0
xxx00499,0
xxx00500,0
xxx00501,1
xxx00502,1
xxx00503,0
xxx00504,0
xxx00505,1
xxx00506,1
xxx00507,0
xxx00508,0
xxx00509,1
xxx00510,1
xxx00511,1
xxx00512,0
xxx00513,0
xxx00514,0
xxx00515,1
xxx00516,1
xxx00517,0
xxx00518,1
xxx00519,1
xxx00520,1
xxx00521,0
xxx00522,1
xxx00523,0
xxx00524,0
xxx00525,1
xxx00526,0
xxx00527,0
xxx00528,0
xxx00529,1
xxx00530,0
xxx00531,1
xxx00532,1
xxx00533,1
xxx00534,0
xxx00535,1
xxx00536,1
xxx00537,0
xxx00538,1
xxx00539,0
xxx00540,1
xxx00541,0
xxx00542,0
xxx00543,1
xxx00544,1
xxx00545,0
xxx00546,0
xxx00547,1
xxx00548,1
xxx00549,0
xxx00550,0
xxx00551,0
xxx00552,0
xxx00553,0
xxx00554,1
xxx00555,0
xxx00556,1
xxx00557,1
xxx00558,0
xxx00559,1
xxx00560,0
xxx00561,1
xxx00562,0
xxx00563,1
xxx00564,1
xxx00565,0
xxx00566,0
xxx00567,1
xxx00568,1
xxx00569,1
xxx00570,1
xxx00571,0
xxx00572,1
xxx00573,0
xxx00574,1
xxx00575,1
xxx00576,0
xxx00577,1
xxx00578,0
xxx00579,1
xxx00580,0
xxx00581,1
xxx00582,0
xxx00583,0
xxx00584,0
xxx00585,1
xxx00586,0
xxx00587,0
xxx00588,1
xxx00589,1
xxx00590,1
xxx00591,1
xxx00592,1
xxx00593,1
xxx00594,0
xxx00595,1
xxx00596,0
xxx00597,1
xxx00598,0
xxx00599,1
xxx00600,0
xxx00601,1
xxx00602,1
xxx00603,0
xxx00604,0
xxx00605,0
xxx00606,1
xxx00607,0
xxx00608,1
xxx00609,1
xxx00610,0
xxx00611,0
xxx00612,1
xxx00613,1
xxx00614,0
xxx00615,1
xxx00616,0
xxx00617,0
xxx00618,0
xxx00619,1
xxx00620,1
xxx00621,0
xxx00622,1
xxx00623,0
xxx00624,0
xxx00625,0
xxx00626,0
xxx00627,1
xxx00628,1
xxx00629,0
xxx00630,0
xxx00631,1
xxx00632,1
xxx00633,1
xxx00634,0
xxx00635,0
xxx00636,1
xxx00637,0
xxx00638,1
xxx00639,1
xxx00640,1
xxx00641,0
xxx00642,0
xxx00643,0
xxx00644,0
xxx00645,0
xxx00646,0
xxx00647,1
xxx00648,0
xxx00649,0
xxx00650,0
xxx00651,0
xxx00652,1
xxx00653,1
xxx00654,1
xxx00655,1
xxx00656,0
xxx00657,0
xxx00658,0
xxx00659,1
xxx00660,1
xxx00661,1
xxx00662,1
xxx00663,1
xxx00664,0
xxx00665,0
xxx00666,1
xxx00667,1
xxx00668,0
xxx00669,0
xxx00670,1
xxx00671,0
xxx00672,0
xxx00673,1
xxx00674,1
xxx00675,1
xxx00676,1
xxx00677,1
xxx00678,1
xxx00679,0
xxx00680,1
xxx00681,1
xxx00682,0
xxx00683,1
xxx00684,1
xxx00685,1
xxx00686,1
xxx00687,1
xxx00688,1
xxx00689,0
xxx00690,1
xxx00691,0
xxx00692,0
xxx00693,0
xxx00694,1
xxx00695,0
xxx00696,1
xxx00697,0
xxx00698,1
xxx00699,1
xxx00700,1
xxx00701,1
xxx00702,0
xxx00703,0
xxx00704,1
xxx00705,0
xxx00706,0
xxx00707,1
xxx00708,1
xxx00709,1
xxx00710,1
xxx00711,0
xxx00712,0
xxx00713,0
xxx00714,0
xxx00715,0
xxx00716,0
xxx00717,0
xxx00718,1
xxx00719,1
xxx00720,0
xxx00721,1
xxx00722,0
xxx00723,0
xxx00724,0
xxx00725,0
xxx00726,0
xxx00727,1
xxx00728,1
xxx00729,0
xxx00730,0
xxx00731,0
xxx00732,1
xxx00733,1
xxx00734,0
xxx00735,1
xxx00736,0
xxx00737,1
xxx00738,0
xxx00739,1
xxx00740,1
xxx00741,0
xxx00742,0
xxx00743,0
xxx00744,0
xxx00745,0
xxx00746,1
xxx00747,1
xxx00748,1
xxx00749,1
xxx00750,0
xxx00751,1
xxx00752,0
xxx00753,0
xxx00754,1
xxx00755,1
xxx00756,1
xxx00757,0
xxx00758,0
xxx00759,0
xxx00760,1
xxx00761,1
xxx00762,1
xxx00763,1
xxx00764,0
xxx00765,0
xxx00766,1
xxx00767,1
xxx00768,1
xxx00769,0
xxx00770,1
xxx00771,0
xxx00772,1
xxx00773,1
xxx00774,0
xxx00775,1
xxx00776,1
xxx00777,0
xxx00778,0
xxx00779,0
xxx00780,0
xxx00781,0
xxx00782,1
xxx00783,1
xxx00784,0
xxx00785,0
xxx00786,1
xxx00787,1
xxx00788,0
xxx00789,0
xxx00790,0
xxx00791,1
xxx00792,1
xxx00793,0
xxx00794,0
xxx00795,1
xxx00796,0
xxx00797,1
xxx00798,1
xxx00799,1
xxx00800,0
xxx00801,1
xxx00802,0
xxx00803,0
xxx00804,0
xxx00805,1
xxx00806,1
xxx00807,1
xxx00808,1
xxx00809,1
xxx00810,0
xxx00811,0
xxx00812,1
xxx00813,1
xxx00814,0
xxx00815,1
xxx00816,1
xxx00817,0
xxx00818,0
xxx00819,0
xxx00820,1
xxx00821,1
xxx00822,0
xxx00823,0
xxx00824,1
xxx00825,0
xxx00826,0
xxx00827,1
xxx00828,0
xxx00829,0
xxx00830,0
xxx00831,0
xxx00832,1
xxx00833,1
xxx00834,1
xxx00835,0
xxx00836,0
xxx00837,1
xxx00838,0
xxx00839,0
xxx00840,0
xxx00841,0
xxx00842,0
xxx00843,1
xxx00844,0
xxx00845,0
xxx00846,0
xxx00847,1
xxx00848,0
xxx00849,1
xxx00850,0
xxx00851,0
xxx00852,1
xxx00853,1
xxx00854,1
xxx00855,0
xxx00856,0
xxx00857,0
xxx00858,1
xxx00859,0
xxx00860,1
xxx00861,1
xxx00862,0
xxx00863,0
xxx00864,1
xxx00865,0
xxx00866,1
xxx00867,1
xxx00868,1
xxx00869,0
xxx00870,0
xxx00871,1
xxx00872,1
xxx00873,1
xxx00874,1
xxx00875,0
xxx00876,1
xxx00877,1
xxx00878,0
xxx00879,0
xxx00880,1
xxx00881,1
xxx00882,1
xxx00883,0
xxx00884,0
xxx00885,0
xxx00886,1
xxx00887,0
xxx00888,1
xxx00889,1
xxx00890,1
xxx00891,0
xxx00892,0
xxx00893,0
xxx00894,0
xxx00895,0
xxx00896,0
xxx00897,1
xxx00898,0
xxx00899,1
xxx00900,1
xxx00901,1
xxx00902,1
xxx00903,0
xxx00904,0
xxx00905,1
xxx00906,0
xxx00907,1
xxx00908,0
xxx00909,0
xxx00910,1
xxx00911,0
xxx00912,0
xxx00913,0
xxx00914,1
xxx00915,1
xxx00916,1
xxx00917,0
xxx00918,0
xxx00919,0
xxx00920,0
xxx00921,1
xxx00922,1
xxx00923,0
xxx00924,1
xxx00925,1
xxx00926,0
xxx00927,0
xxx00928,1
xxx00929,1
xxx00930,1
xxx00931,0
xxx00932,0
xxx00933,1
xxx00934,1
xxx00935,1
xxx00936,1
xxx00937,0
xxx00938,0
xxx00939,0
xxx00940,1
xxx00941,1
xxx00942,0
xxx00943,1
xxx00944,0
xxx00945,0
xxx00946,0
xxx00947,0
xxx00948,0
xxx00949,1
xxx00950,1
xxx00951,1
xxx00952,0
xxx00953,1
xxx00954,0
xxx00955,0
xxx00956,1
xxx00957,0
xxx00958,0
xxx00959,0
xxx00960,1
xxx00961,0
xxx00962,1
xxx00963,0
xxx00964,1
xxx00965,0
xxx00966,0
xxx00967,0
xxx00968,0
xxx00969,1
xxx00970,0
xxx00971,0
xxx00972,0
xxx00973,0
xxx00974,0
xxx00975,0
xxx00976,1
xxx00977,0
xxx00978,1
xxx00979,0
xxx00980,0
xxx00981,1
xxx00982,1
xxx00983,1
xxx00984,1
xxx00985,0
xxx00986,1
xxx00987,0
xxx00988,0
xxx00989,0
xxx00990,0
xxx00991,1
xxx00992,1
xxx00993,1
xxx00994,0
xxx00995,1
xxx00996,0
xxx00997,1
xxx00998,0
xxx00999,1
xxx01000,1
xxx01001,0
xxx01002,0
xxx01003,0
xxx01004,0
xxx01005,0
xxx01006,0
xxx01007,0
xxx01008,0
xxx01009,1
xxx01010,1
xxx01011,0
xxx01012,1
xxx01013,0
xxx01014,1
xxx01015,0
xxx01016,1
xxx01017,0
xxx01018,1
xxx01019,1
xxx01020,1
xxx01021,1
xxx01022,0
xxx01023,1
xxx01024,0
xxx01025,0
xxx01026,1
xxx01027,0
xxx01028,0
xxx01029,1
xxx01030,0
xxx01031,1
xxx01032,1
xxx01033,0
xxx01034,0
xxx01035,0
xxx01036,0
xxx01037,0
xxx01038,0
xxx01039,0
xxx01040,1
xxx01041,0
xxx01042,0
xxx01043,0
xxx01044,1
xxx01045,0
xxx01046,0
xxx01047,1
xxx01048,1
xxx01049,0
xxx01050,0
xxx01051,0
xxx01052,0
xxx01053,0
xxx01054,1
xxx01055,1
xxx01056,1
xxx01057,0
xxx01058,1
xxx01059,0
xxx01060,1
xxx01061,1
xxx01062,0
xxx01063,0
xxx01064,1
xxx01065,1
xxx01066,0
xxx01067,0
xxx01068,0
xxx01069,0
xxx01070,0
xxx01071,1
xxx01072,1
xxx01073,1
xxx01074,1
xxx01075,0
xxx01076,0
xxx01077,0
xxx01078,0
xxx01079,1
xxx01080,0
xxx01081,1
xxx01082,1
xxx01083,1
xxx01084,1
xxx01085,1
xxx01086,0
xxx01087,0
xxx01088,0
xxx01089,1
xxx01090,0
xxx01091,0
xxx01092,1
xxx01093,1
xxx01094,0
xxx01095,1
xxx01096,0
xxx01097,0
xxx01098,0
xxx01099,0
xxx01100,0
xxx01101,0
xxx01102,1
xxx01103,1
xxx01104,1
xxx01105,1
xxx01106,0
xxx01107,1
xxx01108,1
xxx01109,1
xxx01110,0
xxx01111,0
xxx01112,1
xxx01113,0
xxx01114,1
xxx01115,1
xxx01116,1
xxx01117,1
xxx01118,0
xxx01119,1
xxx01120,1
xxx01121,1
xxx01122,0
xxx01123,1
xxx01124,0
xxx01125,0
xxx01126,0
xxx01127,1
xxx01128,1
xxx01129,0
xxx01130,0
xxx01131,1
xxx01132,1
xxx01133,0
xxx01134,1
xxx01135,0
xxx01136,0
xxx01137,0
xxx01138,0
xxx01139,0
xxx01140,1
xxx01141,1
xxx01142,1
xxx01143,0
xxx01144,0
xxx01145,0
xxx01146,1
xxx01147,1
xxx01148,1
xxx01149,1
xxx01150,0
xxx01151,1
xxx01152,0
xxx01153,0
xxx01154,0
xxx01155,1
xxx01156,0
xxx01157,0
xxx01158,1
xxx01159,1
xxx01160,0
xxx01161,0
xxx01162,1
xxx01163,1
xxx01164,1
xxx01165,1
xxx01166,1
xxx01167,0
xxx01168,1
xxx01169,0
xxx01170,1
xxx01171,0
xxx01172,0
xxx01173,0
xxx01174,1
xxx01175,0
xxx01176,1
xxx01177,0
xxx01178,0
xxx01179,0
xxx01180,0
xxx01181,1
xxx01182,1
xxx01183,1
xxx01184,0
xxx01185,0
xxx01186,0
xxx01187,1
xxx01188,1
xxx01189,1
xxx01190,0
xxx01191,1
xxx01192,0
xxx01193,1
xxx01194,1
xxx01195,0
xxx01196,1
xxx01197,1
xxx01198,0
xxx01199,0
xxx01200,1
xxx01201,0
xxx01202,1
xxx01203,1
xxx01204,0
xxx01205,1
xxx01206,1
xxx01207,1
xxx01208,1
xxx01209,1
xxx01210,1
xxx01211,1
xxx01212,1
xxx01213,1
xxx01214,0
xxx01215,0
xxx01216,1
xxx01217,1
xxx01218,0
xxx01219,1
xxx01220,1
xxx01221,1
xxx01222,0
xxx01223,1
xxx01224,0
xxx01225,1
xxx01226,1
xxx01227,0
xxx01228,0
xxx01229,1
xxx01230,1
xxx01231,1
xxx01232,1
xxx01233,1
xxx01234,1
xxx01235,0
xxx01236,1
xxx01237,1
xxx01238,1
xxx01239,1
xxx01240,1
xxx01241,0
xxx01242,0
xxx01243,0
xxx01244,1
xxx01245,0
xxx01246,1
xxx01247,0
xxx01248,0
xxx01249,1
xxx01250,0
xxx01251,0
xxx01252,0
xxx01253,0
xxx01254,0
xxx01255,1
xxx01256,1
xxx01257,0
xxx01258,0
xxx01259,0
xxx01260,0
xxx01261,0
xxx01262,1
xxx01263,1
xxx01264,0
xxx01265,0
xxx01266,0
xxx01267,0
xxx01268,0
xxx01269,0
xxx01270,0
xxx01271,1
xxx01272,1
xxx01273,1
xxx01274,0
xxx01275,0
xxx01276,1
xxx01277,0
xxx01278,0
xxx01279,0
xxx01280,0
xxx01281,0
xxx01282,0
xxx01283,0
xxx01284,1
xxx01285,1
xxx01286,1
xxx01287,1
xxx01288,1
xxx01289,0
xxx01290,1
xxx01291,0
xxx01292,1
xxx01293,0
xxx01294,1
xxx01295,1
xxx01296,0
xxx01297,1
xxx01298,1
xxx01299,1
xxx01300,0
xxx01301,0
xxx01302,0
xxx01303,0
xxx01304,0
xxx01305,1
xxx01306,1
xxx01307,1
xxx01308,0
xxx01309,0
xxx01310,0
xxx01311,1
xxx01312,1
xxx01313,1
xxx01314,0
xxx01315,0
xxx01316,1
xxx01317,0
xxx01318,1
xxx01319,1
xxx01320,1
xxx01321,0
xxx01322,1
xxx01323,0
xxx01324,0
xxx01325,1
xxx01326,1
xxx01327,1
xxx01328,1
xxx01329,0
xxx01330,0
xxx01331,0
xxx01332,0
xxx01333,0
xxx01334,0
xxx01335,0
xxx01336,1
xxx01337,0
xxx01338,1
xxx01339,0
xxx01340,0
xxx01341,1
xxx01342,0
xxx01343,1
xxx01344,0
xxx01345,0
xxx01346,1
xxx01347,0
xxx01348,0
xxx01349,0
xxx01350,1
xxx01351,0
xxx01352,1
xxx01353,1
xxx01354,1
xxx01355,0
xxx01356,1
xxx01357,1
xxx01358,1
xxx01359,0
xxx01360,0
xxx01361,0
xxx01362,0
xxx01363,0
xxx01364,0
xxx01365,0
xxx01366,1
xxx01367,0
xxx01368,0
xxx01369,0
xxx01370,0
xxx01371,1
xxx01372,0
xxx01373,1
xxx01374,1
xxx01375,0
xxx01376,1
xxx01377,0
xxx01378,1
xxx01379,0
xxx01380,1
xxx01381,1
xxx01382,1
xxx01383,1
xxx01384,0
xxx01385,1
xxx01386,1
xxx01387,0
xxx01388,0
xxx01389,1
xxx01390,1
xxx01391,1
xxx01392,1
xxx01393,1
xxx01394,1
xxx01395,1
xxx01396,0
xxx01397,0
xxx01398,0
xxx01399,0
xxx01400,1
xxx01401,0
xxx01402,1
xxx01403,1
xxx01404,0
xxx01405,1
xxx01406,1
xxx01407,1
xxx01408,0
xxx01409,1
xxx01410,0
xxx01411,0
xxx01412,1
xxx01413,1
xxx01414,1
xxx01415,1
xxx01416,1
xxx01417,1
xxx01418,1
xxx01419,0
xxx01420,1
xxx01421,0
xxx01422,1
xxx01423,1
xxx01424,0
xxx01425,0
xxx01426,1
xxx01427,0
xxx01428,0
xxx01429,0
xxx01430,1
xxx01431,0
xxx01432,1
xxx01433,1
xxx01434,1
xxx01435,0
xxx01436,0
xxx01437,1
xxx01438,1
xxx01439,0
xxx01440,0
xxx01441,0
xxx01442,1
xxx01443,1
xxx01444,1
xxx01445,1
xxx01446,0
xxx01447,1
xxx01448,0
xxx01449,1
xxx01450,0
xxx01451,1
xxx01452,0
xxx01453,0
xxx01454,1
xxx01455,1
xxx01456,0
xxx01457,1
xxx01458,0
xxx01459,0
xxx01460,0
xxx01461,0
xxx01462,1
xxx01463,1
xxx01464,0
xxx01465,1
xxx01466,0
xxx01467,0
xxx01468,0
xxx01469,1
xxx01470,0
xxx01471,0
xxx01472,0
xxx01473,0
xxx01474,1
xxx01475,0
xxx01476,1
xxx01477,0
xxx01478,0
xxx01479,0
xxx01480,1
xxx01481,1
xxx01482,1
xxx01483,0
xxx01484,1
xxx01485,0
xxx01486,0
xxx01487,1
xxx01488,0
xxx01489,0
xxx01490,1
xxx01491,1
xxx01492,0
xxx01493,1
xxx01494,0
xxx01495,1
xxx01496,1
xxx01497,0
xxx01498,1
xxx01499,0
xxx01500,1
xxx01501,1
xxx01502,0
xxx01503,0
xxx01504,0
xxx01505,0
xxx01506,1
xxx01507,1
xxx01508,0
xxx01509,0
xxx01510,1
xxx01511,0
xxx01512,1
xxx01513,1
xxx01514,1
xxx01515,0
xxx01516,1
xxx01517,0
xxx01518,0
xxx01519,1
xxx01520,1
xxx01521,0
xxx01522,1
xxx01523,0
xxx01524,0
xxx01525,1
xxx01526,0
xxx01527,1
xxx01528,1
xxx01529,1
xxx01530,0
xxx01531,1
xxx01532,0
xxx01533,1
xxx01534,0
xxx01535,0
xxx01536,0
xxx01537,0
xxx01538,1
xxx01539,1
xxx01540,0
xxx01541,1
xxx01542,0
xxx01543,1
xxx01544,0
xxx01545,1
xxx01546,0
xxx01547,1
xxx01548,1
xxx01549,0
xxx01550,0
xxx01551,0
xxx01552,0
xxx01553,0
xxx01554,1
xxx01555,0
xxx01556,0
xxx01557,0
xxx01558,0
xxx01559,1
xxx01560,0
xxx01561,0
xxx01562,0
xxx01563,0
xxx01564,0
xxx01565,1
xxx01566,0
xxx01567,0
xxx01568,0
xxx01569,0
xxx01570,0
xxx01571,1
xxx01572,1
xxx01573,0
xxx01574,0
xxx01575,0
xxx01576,0
xxx01577,0
xxx01578,1
xxx01579,0
xxx01580,0
xxx01581,0
xxx01582,0
xxx01583,0
xxx01584,0
xxx01585,0
xxx01586,0
xxx01587,0
xxx01588,1
xxx01589,1
xxx01590,1
xxx01591,1
xxx01592,1
xxx01593,1
xxx01594,0
xxx01595,1
xxx01596,0
xxx01597,1
xxx01598,1
xxx01599,1
xxx01600,1
xxx01601,1
xxx01602,0
xxx01603,1
xxx01604,0
xxx01605,1
xxx01606,1
xxx01607,1
xxx01608,1
xxx01609,0
xxx01610,1
xxx01611,1
xxx01612,1
xxx01613,1
xxx01614,0
xxx01615,1
xxx01616,1
xxx01617,1
xxx01618,0
xxx01619,0
xxx01620,0
xxx01621,0
xxx01622,1
xxx01623,0
xxx01624,0
xxx01625,0
xxx01626,0
xxx01627,0
xxx01628,0
xxx01629,1
xxx01630,1
xxx01631,1
xxx01632,0
xxx01633,0
xxx01634,0
xxx01635,1
xxx01636,0
xxx01637,0
xxx01638,1
xxx01639,0
xxx01640,0
xxx01641,1
xxx01642,1
xxx01643,0
xxx01644,0
xxx01645,0
xxx01646,0
xxx01647,1
xxx01648,0
xxx01649,1
xxx01650,1
xxx01651,0
xxx01652,0
xxx01653,0
xxx01654,1
xxx01655,1
xxx01656,0
xxx01657,0
xxx01658,1
xxx01659,0
xxx01660,0
xxx01661,0
xxx01662,0
xxx01663,1
xxx01664,1
xxx01665,0
xxx01666,1
xxx01667,1
xxx01668,1
xxx01669,1
xxx01670,1
xxx01671,1
xxx01672,1
xxx01673,0
xxx01674,0
xxx01675,1
xxx01676,1
xxx01677,0
xxx01678,0
xxx01679,0
xxx01680,1
xxx01681,1
xxx01682,0
xxx01683,0
xxx01684,0
xxx01685,0
xxx01686,0
xxx01687,1
xxx01688,1
xxx01689,1
xxx01690,1
xxx01691,0
xxx01692,1
xxx01693,1
xxx01694,1
xxx01695,1
xxx01696,0
xxx01697,0
xxx01698,1
xxx01699,0
xxx01700,0
xxx01701,1
xxx01702,1
xxx01703,1
xxx01704,1
xxx01705,1
xxx01706,0
xxx01707,0
xxx01708,0
xxx01709,1
xxx01710,1
xxx01711,0
xxx01712,1
xxx01713,1
xxx01714,0
xxx01715,0
xxx01716,0
xxx01717,0
xxx01718,1
xxx01719,1
xxx01720,0
xxx01721,1
xxx01722,1
xxx01723,0
xxx01724,1
xxx01725,1
xxx01726,0
xxx01727,1
xxx01728,0
xxx01729,1
xxx01730,0
xxx01731,0
xxx01732,1
xxx01733,0
xxx01734,0
xxx01735,1
xxx01736,1
xxx01737,1
xxx01738,1
xxx01739,1
xxx01740,1
xxx01741,0
xxx01742,0
xxx01743,1
xxx01744,0
xxx01745,1
xxx01746,0
xxx01747,1
xxx01748,1
xxx01749,1
xxx01750,0
xxx01751,0
xxx01752,0
xxx01753,0
xxx01754,0
xxx01755,1
xxx01756,0
xxx01757,1
xxx01758,1
xxx01759,0
xxx01760,0
xxx01761,1
xxx01762,1
xxx01763,0
xxx01764,0
xxx01765,1
xxx01766,0
xxx01767,0
xxx01768,0
xxx01769,0
xxx01770,0
xxx01771,1
xxx01772,1
xxx01773,1
xxx01774,0
xxx01775,1
xxx01776,0
xxx01777,0
xxx01778,0
xxx01779,0
xxx01780,0
xxx01781,1
xxx01782,1
xxx01783,1
xxx01784,0
xxx01785,0
xxx01786,1
xxx01787,1
xxx01788,1
xxx01789,1
xxx01790,0
xxx01791,0
xxx01792,0
xxx01793,1
xxx01794,0
xxx01795,0
xxx01796,1
xxx01797,1
xxx01798,1
xxx01799,1
xxx01800,0
xxx01801,0
xxx01802,1
xxx01803,1
xxx01804,0
xxx01805,0
xxx01806,0
xxx01807,0
xxx01808,1
xxx01809,0
xxx01810,0
xxx01811,1
xxx01812,0
xxx01813,0
xxx01814,0
xxx01815,0
xxx01816,1
xxx01817,1
xxx01818,0
xxx01819,1
xxx01820,1
xxx01821,0
xxx01822,0
xxx01823,0
xxx01824,0
xxx01825,0
xxx01826,0
xxx01827,0
xxx01828,1
xxx01829,1
xxx01830,0
xxx01831,1
xxx01832,0
xxx01833,0
xxx01834,1
xxx01835,0
xxx01836,1
xxx01837,0
xxx01838,0
xxx01839,0
xxx01840,1
xxx01841,1
xxx01842,1
xxx01843,1
xxx01844,0
xxx01845,0
xxx01846,1
xxx01847,0
xxx01848,0
xxx01849,1
xxx01850,1
xxx01851,1
xxx01852,1
xxx01853,0
xxx01854,0
xxx01855,0
xxx01856,1
xxx01857,0
xxx01858,0
xxx01859,0
xxx01860,1
xxx01861,0
xxx01862,1
xxx01863,1
xxx01864,0
xxx01865,1
xxx01866,0
xxx01867,0
xxx01868,0
xxx01869,0
xxx01870,0
xxx01871,0
xxx01872,0
xxx01873,1
xxx01874,0
xxx01875,1
xxx01876,1
xxx01877,1
xxx01878,0
xxx01879,1
xxx01880,1
xxx01881,0
xxx01882,0
xxx01883,1
xxx01884,0
xxx01885,1
xxx01886,0
xxx01887,0
xxx01888,0
xxx01889,0
xxx01890,1
xxx01891,0
xxx01892,0
xxx01893,0
xxx01894,1
xxx01895,0
xxx01896,1
xxx01897,0
xxx01898,0
xxx01899,1
xxx01900,1
xxx01901,1
xxx01902,1
xxx01903,1
xxx01904,0
xxx01905,0
xxx01906,1
xxx01907,0
xxx01908,0
xxx01909,1
xxx01910,1
xxx01911,0
xxx01912,1
xxx01913,0
xxx01914,0
xxx01915,0
xxx01916,0
xxx01917,0
xxx01918,1
xxx01919,0
xxx01920,1
xxx01921,0
xxx01922,1
xxx01923,0
xxx01924,1
xxx01925,1
xxx01926,1
xxx01927,0
xxx01928,1
xxx01929,1
xxx01930,0
xxx01931,1
xxx01932,1
xxx01933,1
xxx01934,1
xxx01935,1
xxx01936,0
xxx01937,0
xxx01938,0
xxx01939,0
xxx01940,1
xxx01941,1
xxx01942,1
xxx01943,1
xxx01944,1
xxx01945,0
xxx01946,0
xxx01947,0
xxx01948,0
xxx01949,1
xxx01950,1
xxx01951,1
xxx01952,0
xxx01953,1
xxx01954,0
xxx01955,0
xxx01956,1
xxx01957,1
xxx01958,1
xxx01959,0
xxx01960,1
xxx01961,0
xxx01962,0
xxx01963,0
xxx01964,0
xxx01965,0
xxx01966,1
xxx01967,0
xxx01968,1
xxx01969,0
xxx01970,0
xxx01971,0
xxx01972,1
xxx01973,1
xxx01974,0
xxx01975,1
xxx01976,0
xxx01977,1
xxx01978,1
xxx01979,1
xxx01980,0
xxx01981,1
xxx01982,1
xxx01983,1
xxx01984,1
xxx01985,0
xxx01986,0
xxx01987,1
xxx01988,0
xxx01989,1
xxx01990,0
xxx01991,0
xxx01992,0
xxx01993,0
xxx01994,0
xxx01995,0
xxx01996,1
xxx01997,0
xxx01998,0
xxx01999,0
xxx02000,0
xxx02001,0
xxx02002,1
xxx02003,0
xxx02004,0
xxx02005,0
xxx02006,1
xxx02007,1
xxx02008,1
xxx02009,1
xxx02010,0
xxx02011,0
xxx02012,0
xxx02013,0
xxx02014,1
xxx02015,0
xxx02016,0
xxx02017,0
xxx02018,0
xxx02019,1
xxx02020,0
xxx02021,0
xxx02022,1
xxx02023,0
xxx02024,1
xxx02025,1
xxx02026,0
xxx02027,1
xxx02028,0
xxx02029,0
xxx02030,1
xxx02031,0
xxx02032,0
xxx02033,1
xxx02034,1
xxx02035,0
xxx02036,1
xxx02037,1
xxx02038,1
xxx02039,0
xxx02040,0
xxx02041,1
xxx02042,0
xxx02043,0
xxx02044,0
xxx02045,0
xxx02046,1
xxx02047,1
xxx02048,1
xxx02049,0
xxx02050,1
xxx02051,1
xxx02052,1
xxx02053,1
xxx02054,0
xxx02055,0
xxx02056,1
xxx02057,1
xxx02058,1
xxx02059,1
xxx02060,0
xxx02061,0
xxx02062,0
xxx02063,0
xxx02064,1
xxx02065,1
xxx02066,1
xxx02067,1
xxx02068,1
xxx02069,0
xxx02070,0
xxx02071,0
xxx02072,1
xxx02073,1
xxx02074,0
xxx02075,1
xxx02076,0
xxx02077,1
xxx02078,1
xxx02079,0
xxx02080,1
xxx02081,1
xxx02082,0
xxx02083,1
xxx02084,1
xxx02085,0
xxx02086,1
xxx02087,0
xxx02088,1
xxx02089,1
xxx02090,1
xxx02091,1
xxx02092,0
xxx02093,0
xxx02094,1
xxx02095,1
xxx02096,1
xxx02097,0
xxx02098,0
xxx02099,1
xxx02100,1
xxx02101,0
xxx02102,1
xxx02103,1
xxx02104,1
xxx02105,1
xxx02106,0
xxx02107,1
xxx02108,0
xxx02109,1
xxx02110,1
xxx02111,1
xxx02112,0
xxx02113,0
xxx02114,1
xxx02115,1
xxx02116,0
xxx02117,0
xxx02118,0
xxx02119,0
xxx02120,1
xxx02121,1
xxx02122,0
xxx02123,0
xxx02124,0
xxx02125,1
xxx02126,0
xxx02127,0
xxx02128,1
xxx02129,1
xxx02130,0
xxx02131,1
xxx02132,1
xxx02133,1
xxx02134,1
xxx02135,1
xxx02136,1
xxx02137,0
xxx02138,1
xxx02139,0
xxx02140,0
xxx02141,0
xxx02142,1
xxx02143,0
xxx02144,1
xxx02145,0
xxx02146,0
xxx02147,1
xxx02148,1
xxx02149,0
xxx02150,1
xxx02151,1
xxx02152,1
xxx02153,1
xxx02154,0
xxx02155,0
xxx02156,0
xxx02157,0
xxx02158,0
xxx02159,0
xxx02160,0
xxx02161,0
xxx02162,0
xxx02163,1
xxx02164,0
xxx02165,1
xxx02166,0
xxx02167,0
xxx02168,0
xxx02169,1
xxx02170,0
xxx02171,0
xxx02172,1
xxx02173,1
xxx02174,1
xxx02175,0
xxx02176,1
xxx02177,1
xxx02178,1
xxx02179,1
xxx02180,0
xxx02181,0
xxx02182,1
xxx02183,0
xxx02184,1
xxx02185,0
xxx02186,0
xxx02187,0
xxx02188,1
xxx02189,1
xxx02190,1
xxx02191,0
xxx02192,0
xxx02193,1
xxx02194,1
xxx02195,1
xxx02196,0
xxx02197,1
xxx02198,0
xxx02199,1
xxx02200,1
xxx02201,1
xxx02202,1
xxx02203,1
xxx02204,1
xxx02205,0
xxx02206,1
xxx02207,1
xxx02208,0
xxx02209,0
xxx02210,1
xxx02211,0
xxx02212,0
xxx02213,0
xxx02214,0
xxx02215,0
xxx02216,1
xxx02217,0
xxx02218,1
xxx02219,0
xxx02220,0
xxx02221,0
xxx02222,0
xxx02223,1
xxx02224,1
xxx02225,1
xxx02226,0
xxx02227,1
xxx02228,0
xxx02229,0
xxx02230,1
xxx02231,0
xxx02232,0
xxx02233,0
xxx02234,1
xxx02235,0
xxx02236,1
xxx02237,0
xxx02238,1
xxx02239,1
xxx02240,0
xxx02241,0
xxx02242,0
xxx02243,1
xxx02244,1
xxx02245,1
xxx02246,0
xxx02247,1
xxx02248,1
xxx02249,0
xxx02250,0
xxx02251,1
xxx02252,0
xxx02253,0
xxx02254,0
xxx02255,0
xxx02256,0
xxx02257,0
xxx02258,1
xxx02259,1
xxx02260,0
xxx02261,0
xxx02262,0
xxx02263,0
xxx02264,1
xxx02265,0
xxx02266,0
xxx02267,0
xxx02268,0
xxx02269,0
xxx02270,1
xxx02271,0
xxx02272,0
xxx02273,0
xxx02274,1
xxx02275,0
xxx02276,1
xxx02277,1
xxx02278,1
xxx02279,0
xxx02280,0
xxx02281,1
xxx02282,1
xxx02283,1
xxx02284,0
xxx02285,1
xxx02286,0
xxx02287,0
xxx02288,1
xxx02289,0
xxx02290,1
xxx02291,0
xxx02292,1
xxx02293,1
xxx02294,1
xxx02295,1
xxx02296,1
xxx02297,0
xxx02298,1
xxx02299,0
xxx02300,0
xxx02301,1
xxx02302,0
xxx02303,0
xxx02304,0
xxx02305,1
xxx02306,1
xxx02307,0
xxx02308,1
xxx02309,1
xxx02310,0
xxx02311,1
xxx02312,1
xxx02313,1
xxx02314,0
xxx02315,0
xxx02316,1
xxx02317,0
xxx02318,0
xxx02319,0
xxx02320,0
xxx02321,1
xxx02322,0
xxx02323,0
xxx02324,0
xxx02325,0
xxx02326,0
xxx02327,1
xxx02328,0
xxx02329,1
xxx02330,0
xxx02331,1
xxx02332,0
xxx02333,0
xxx02334,1
xxx02335,0
xxx02336,0
xxx02337,1
xxx02338,0
xxx02339,1
xxx02340,0
xxx02341,1
xxx02342,0
xxx02343,1
xxx02344,0
xxx02345,0
xxx02346,0
xxx02347,1
xxx02348,0
xxx02349,1
xxx02350,1
xxx02351,1
xxx02352,0
xxx02353,1
xxx02354,1
xxx02355,1
xxx02356,0
xxx02357,1
xxx02358,0
xxx02359,0
xxx02360,1
xxx02361,0
xxx02362,1
xxx02363,0
xxx02364,1
xxx02365,1
xxx02366,0
xxx02367,0
xxx02368,0
xxx02369,0
xxx02370,0
xxx02371,1
xxx02372,0
xxx02373,0
xxx02374,0
xxx02375,1
xxx02376,0
xxx02377,1
xxx02378,0
xxx02379,0
xxx02380,0
xxx02381,0
xxx02382,0
xxx02383,1
xxx02384,1
xxx02385,0
xxx02386,1
xxx02387,1
xxx02388,0
xxx02389,0
xxx02390,1
xxx02391,1
xxx02392,1
xxx02393,1
xxx02394,0
xxx02395,0
xxx02396,0
xxx02397,1
xxx02398,0
xxx02399,1
xxx02400,1
xxx02401,0
xxx02402,1
xxx02403,0
xxx02404,0
xxx02405,0
xxx02406,1
xxx02407,0
xxx02408,0
xxx02409,0
xxx02410,0
xxx02411,0
xxx02412,1
xxx02413,0
xxx02414,1
xxx02415,1
xxx02416,0
xxx02417,1
xxx02418,0
xxx02419,0
xxx02420,1
xxx02421,0
xxx02422,0
xxx02423,1
xxx02424,0
xxx02425,0
xxx02426,1
xxx02427,1
xxx02428,0
xxx02429,1
xxx02430,1
xxx02431,1
xxx02432,0
xxx02433,1
xxx02434,1
xxx02435,1
xxx02436,0
xxx02437,1
xxx02438,0
xxx02439,1
xxx02440,1
xxx02441,0
xxx02442,1
xxx02443,1
xxx02444,0
xxx02445,1
xxx02446,1
xxx02447,1
xxx02448,1
xxx02449,1
xxx02450,0
xxx02451,0
xxx02452,1
xxx02453,0
xxx02454,1
xxx02455,1
xxx02456,1
xxx02457,0
xxx02458,1
xxx02459,0
xxx02460,0
xxx02461,1
xxx02462,0
xxx02463,1
xxx02464,1
xxx02465,0
xxx02466,0
xxx02467,1
xxx02468,0
xxx02469,1
xxx02470,0
xxx02471,0
xxx02472,1
xxx02473,1
xxx02474,0
xxx02475,0
xxx02476,1
xxx02477,1
xxx02478,1
xxx02479,0
xxx02480,0
xxx02481,1
xxx02482,0
xxx02483,0
xxx02484,1
xxx02485,0
xxx02486,1
xxx02487,0
xxx02488,0
xxx02489,0
xxx02490,1
xxx02491,0
xxx02492,1
xxx02493,0
xxx02494,1
xxx02495,1
xxx02496,0
xxx02497,0
xxx02498,1
xxx02499,0
xxx02500,0
xxx02501,1
xxx02502,1
xxx02503,0
xxx02504,0
xxx02505,1
xxx02506,0
xxx02507,1
xxx02508,0
xxx02509,0
xxx02510,0
xxx02511,0
xxx02512,1
xxx02513,1
xxx02514,0
xxx02515,0
xxx02516,1
xxx02517,1
xxx02518,0
xxx02519,1
xxx02520,1
xxx02521,1
xxx02522,1
xxx02523,0
xxx02524,1
xxx02525,1
xxx02526,0
xxx02527,1
xxx02528,1
xxx02529,1
xxx02530,0
xxx02531,1
xxx02532,1
xxx02533,1
xxx02534,0
xxx02535,1
xxx02536,1
xxx02537,1
xxx02538,1
xxx02539,0
xxx02540,0
xxx02541,0
xxx02542,1
xxx02543,0
xxx02544,1
xxx02545,1
xxx02546,0
xxx02547,0
xxx02548,0
xxx02549,0
xxx02550,1
xxx02551,0
xxx02552,1
xxx02553,1
xxx02554,0
xxx02555,0
xxx02556,0
xxx02557,1
xxx02558,1
xxx02559,1
xxx02560,1
xxx02561,0
xxx02562,0
xxx02563,1
xxx02564,1
xxx02565,1
xxx02566,0
xxx02567,1
xxx02568,1
xxx02569,1
xxx02570,0
xxx02571,0
xxx02572,0
xxx02573,1
xxx02574,1
xxx02575,1
xxx02576,1
xxx02577,0
xxx02578,0
xxx02579,1
xxx02580,0
xxx02581,1
xxx02582,0
xxx02583,0
xxx02584,0
xxx02585,0
xxx02586,0
xxx02587,1
xxx02588,1
xxx02589,0
xxx02590,1
xxx02591,0
xxx02592,0
xxx02593,0
xxx02594,0
xxx02595,0
xxx02596,1
xxx02597,0
xxx02598,1
xxx02599,1
xxx02600,1
xxx02601,0
xxx02602,0
xxx02603,1
xxx02604,1
xxx02605,0
xxx02606,1
xxx02607,1
xxx02608,0
xxx02609,1
xxx02610,0
xxx02611,0
xxx02612,1
xxx02613,0
xxx02614,0
xxx02615,1
xxx02616,1
xxx02617,1
xxx02618,1
xxx02619,1
xxx02620,1
xxx02621,1
xxx02622,0
xxx02623,0
xxx02624,1
xxx02625,0
xxx02626,0
xxx02627,0
xxx02628,0
xxx02629,1
xxx02630,0
xxx02631,0
xxx02632,0
xxx02633,1
xxx02634,1
xxx02635,0
xxx02636,1
xxx02637,1
xxx02638,0
xxx02639,1
xxx02640,0
xxx02641,0
xxx02642,1
xxx02643,1
xxx02644,1
xxx02645,1
xxx02646,1
xxx02647,1
xxx02648,0
xxx02649,0
xxx02650,1
xxx02651,1
xxx02652,1
xxx02653,1
xxx02654,1
xxx02655,0
xxx02656,1
xxx02657,0
xxx02658,1
xxx02659,1
xxx02660,0
xxx02661,0
xxx02662,1
xxx02663,1
xxx02664,0
xxx02665,1
xxx02666,1
xxx02667,1
xxx02668,1
xxx02669,1
xxx02670,0
xxx02671,1
xxx02672,0
xxx02673,0
xxx02674,0
xxx02675,1
xxx02676,1
xxx02677,0
xxx02678,1
xxx02679,1
xxx02680,1
xxx02681,0
xxx02682,0
xxx02683,1
xxx02684,1
xxx02685,1
xxx02686,1
xxx02687,1
xxx02688,1
xxx02689,0
xxx02690,0
xxx02691,1
xxx02692,1
xxx02693,1
xxx02694,1
xxx02695,1
xxx02696,0
xxx02697,0
xxx02698,0
xxx02699,1
xxx02700,0
xxx02701,1
xxx02702,1
xxx02703,0
xxx02704,1
xxx02705,1
xxx02706,0
xxx02707,1
xxx02708,1
xxx02709,1
xxx02710,1
xxx02711,0
xxx02712,1
xxx02713,1
xxx02714,0
xxx02715,1
xxx02716,0
xxx02717,0
xxx02718,0
xxx02719,1
xxx02720,1
xxx02721,0
xxx02722,1
xxx02723,0
xxx02724,1
xxx02725,0
xxx02726,0
xxx02727,0
xxx02728,0
xxx02729,0
xxx02730,1
xxx02731,0
xxx02732,1
xxx02733,0
xxx02734,0
xxx02735,1
xxx02736,1
xxx02737,1
xxx02738,1
xxx02739,0
xxx02740,0
xxx02741,1
xxx02742,1
xxx02743,0
xxx02744,0
xxx02745,1
xxx02746,0
xxx02747,1
xxx02748,0
xxx02749,0
xxx02750,1
xxx02751,1
xxx02752,0
xxx02753,0
xxx02754,1
xxx02755,1
xxx02756,1
xxx02757,1
xxx02758,0
xxx02759,1
xxx02760,1
xxx02761,0
xxx02762,1
xxx02763,0
xxx02764,0
xxx02765,1
xxx02766,1
xxx02767,1
xxx02768,1
xxx02769,0
xxx02770,1
xxx02771,0
xxx02772,1
xxx02773,1
xxx02774,1
xxx02775,1
xxx02776,1
xxx02777,1
xxx02778,0
xxx02779,1
xxx02780,0
xxx02781,1
xxx02782,0
xxx02783,0
xxx02784,0
xxx02785,0
xxx02786,0
xxx02787,1
xxx02788,0
xxx02789,0
xxx02790,0
xxx02791,1
xxx02792,0
xxx02793,1
xxx02794,1
xxx02795,0
xxx02796,1
xxx02797,0
xxx02798,0
xxx02799,0
xxx02800,1
xxx02801,1
xxx02802,0
xxx02803,0
xxx02804,0
xxx02805,1
xxx02806,0
xxx02807,0
xxx02808,1
xxx02809,0
xxx02810,1
xxx02811,1
xxx02812,0
xxx02813,0
xxx02814,0
xxx02815,0
xxx02816,1
xxx02817,0
xxx02818,1
xxx02819,0
xxx02820,1
xxx02821,1
xxx02822,0
xxx02823,0
xxx02824,0
xxx02825,1
xxx02826,1
xxx02827,1
xxx02828,1
xxx02829,1
xxx02830,0
xxx02831,0
xxx02832,0
xxx02833,1
xxx02834,0
xxx02835,1
xxx02836,1
xxx02837,0
xxx02838,0
xxx02839,0
xxx02840,1
xxx02841,1
xxx02842,0
xxx02843,1
xxx02844,1
xxx02845,1
xxx02846,0
xxx02847,1
xxx02848,0
xxx02849,1
xxx02850,0
xxx02851,1
xxx02852,0
xxx02853,0
xxx02854,0
xxx02855,0
xxx02856,0
xxx02857,0
xxx02858,0
xxx02859,1
xxx02860,1
xxx02861,0
xxx02862,1
xxx02863,0
xxx02864,1
xxx02865,1
xxx02866,1
xxx02867,1
xxx02868,1
xxx02869,0
xxx02870,0
xxx02871,1
xxx02872,1
xxx02873,1
xxx02874,0
xxx02875,1
xxx02876,1
xxx02877,1
xxx02878,1
xxx02879,0
xxx02880,0
xxx02881,1
xxx02882,1
xxx02883,1
xxx02884,0
xxx02885,0
xxx02886,0
xxx02887,0
xxx02888,1
xxx02889,1
xxx02890,1
xxx02891,0
xxx02892,0
xxx02893,0
xxx02894,0
xxx02895,0
xxx02896,1
xxx02897,1
xxx02898,0
xxx02899,0
xxx02900,1
xxx02901,0
xxx02902,1
xxx02903,1
xxx02904,0
xxx02905,1
xxx02906,0
xxx02907,0
xxx02908,0
xxx02909,1
xxx02910,1
xxx02911,1
xxx02912,0
xxx02913,0
xxx02914,0
xxx02915,0
xxx02916,0
xxx02917,0
xxx02918,0
xxx02919,1
xxx02920,0
xxx02921,1
xxx02922,0
xxx02923,0
xxx02924,1
xxx02925,0
xxx02926,0
xxx02927,0
xxx02928,0
xxx02929,0
xxx02930,0
xxx02931,1
xxx02932,1
xxx02933,1
xxx02934,0
xxx02935,1
xxx02936,1
xxx02937,0
xxx02938,0
xxx02939,1
xxx02940,0
xxx02941,1
xxx02942,1
xxx02943,0
xxx02944,1
xxx02945,1
xxx02946,0
xxx02947,0
xxx02948,1
xxx02949,1
xxx02950,0
xxx02951,0
xxx02952,0
xxx02953,0
xxx02954,1
xxx02955,1
xxx02956,1
xxx02957,1
xxx02958,1
xxx02959,1
xxx02960,1
xxx02961,1
xxx02962,0
xxx02963,0
xxx02964,1
xxx02965,0
xxx02966,0
xxx02967,0
xxx02968,1
xxx02969,1
xxx02970,1
xxx02971,0
xxx02972,0
xxx02973,0
xxx02974,0
xxx02975,0
xxx02976,0
xxx02977,0
xxx02978,0
xxx02979,1
xxx02980,0
xxx02981,1
xxx02982,0
xxx02983,0
xxx02984,1
xxx02985,0
xxx02986,1
xxx02987,0
xxx02988,0
xxx02989,1
xxx02990,0
xxx02991,0
xxx02992,0
xxx02993,0
xxx02994,0
xxx02995,1
xxx02996,0
xxx02997,1
xxx02998,0
xxx02999,0
xxx03000,0
xxx03001,1
xxx03002,0
xxx03003,1
xxx03004,1
xxx03005,1
xxx03006,0
xxx03007,0
xxx03008,0
xxx03009,1
xxx03010,0
xxx03011,0
xxx03012,0
xxx03013,0
xxx03014,0
xxx03015,0
xxx03016,0
xxx03017,0
xxx03018,1
xxx03019,0
xxx03020,0
xxx03021,1
xxx03022,0
xxx03023,0
xxx03024,1
xxx03025,0
xxx03026,1
xxx03027,1
xxx03028,1
xxx03029,1
xxx03030,1
xxx03031,1
xxx03032,0
xxx03033,1
xxx03034,1
xxx03035,0
xxx03036,0
xxx03037,0
xxx03038,1
xxx03039,0
xxx03040,0
xxx03041,1
xxx03042,1
xxx03043,0
xxx03044,0
xxx03045,0
xxx03046,0
xxx03047,1
xxx03048,1
xxx03049,0
xxx03050,1
xxx03051,0
xxx03052,1
xxx03053,1
xxx03054,0
xxx03055,0
xxx03056,1
xxx03057,1
xxx03058,1
xxx03059,0
xxx03060,1
xxx03061,1
xxx03062,1
xxx03063,1
xxx03064,1
xxx03065,1
xxx03066,0
xxx03067,1
xxx03068,0
xxx03069,0
xxx03070,0
xxx03071,0
xxx03072,0
xxx03073,1
xxx03074,0
xxx03075,1
xxx03076,1
xxx03077,0
xxx03078,0
xxx03079,1
xxx03080,0
xxx03081,1
xxx03082,1
xxx03083,0
xxx03084,0
xxx03085,0
xxx03086,0
xxx03087,0
xxx03088,1
xxx03089,0
xxx03090,1
xxx03091,0
xxx03092,1
xxx03093,1
xxx03094,1
xxx03095,0
xxx03096,0
xxx03097,0
xxx03098,1
xxx03099,0
xxx03100,1
xxx03101,0
xxx03102,0
xxx03103,0
xxx03104,0
xxx03105,0
xxx03106,0
xxx03107,0
xxx03108,1
xxx03109,1
xxx03110,0
xxx03111,1
xxx03112,1
xxx03113,1
xxx03114,1
xxx03115,0
xxx03116,1
xxx03117,1
xxx03118,1
xxx03119,1
xxx03120,0
xxx03121,0
xxx03122,0
xxx03123,0
xxx03124,1
xxx03125,0
xxx03126,0
xxx03127,0
xxx03128,0
xxx03129,1
xxx03130,1
xxx03131,0
xxx03132,0
xxx03133,0
xxx03134,1
xxx03135,1
xxx03136,0
xxx03137,0
xxx03138,0
xxx03139,1
xxx03140,0
xxx03141,1
xxx03142,1
xxx03143,0
xxx03144,1
xxx03145,1
xxx03146,0
xxx03147,1
xxx03148,0
xxx03149,1
xxx03150,0
xxx03151,1
xxx03152,1
xxx03153,1
xxx03154,1
xxx03155,0
xxx03156,0
xxx03157,1
xxx03158,0
xxx03159,1
xxx03160,0
xxx03161,1
xxx03162,1
xxx03163,0
xxx03164,1
xxx03165,0
xxx03166,1
xxx03167,1
xxx03168,0
xxx03169,1
xxx03170,1
xxx03171,1
xxx03172,0
xxx03173,1
xxx03174,0
xxx03175,0
xxx03176,0
xxx03177,0
xxx03178,0
xxx03179,0
xxx03180,1
xxx03181,1
xxx03182,1
xxx03183,0
xxx03184,0
xxx03185,0
xxx03186,0
xxx03187,0
xxx03188,1
xxx03189,0
xxx03190,0
xxx03191,1
xxx03192,1
xxx03193,0
xxx03194,1
xxx03195,0
xxx03196,1
xxx03197,1
xxx03198,1
xxx03199,0
xxx03200,0
xxx03201,0
xxx03202,1
xxx03203,0
xxx03204,0
xxx03205,1
xxx03206,0
xxx03207,0
xxx03208,1
xxx03209,1
xxx03210,0
xxx03211,0
xxx03212,0
xxx03213,1
xxx03214,0
xxx03215,1
xxx03216,0
xxx03217,1
xxx03218,0
xxx03219,1
xxx03220,0
xxx03221,0
xxx03222,1
xxx03223,0
xxx03224,0
xxx03225,0
xxx03226,1
xxx03227,1
xxx03228,0
xxx03229,0
xxx03230,1
xxx03231,0
xxx03232,1
xxx03233,0
xxx03234,0
xxx03235,1
xxx03236,0
xxx03237,1
xxx03238,1
xxx03239,0
xxx03240,1
xxx03241,0
xxx03242,0
xxx03243,0
xxx03244,0
xxx03245,0
xxx03246,0
xxx03247,0
xxx03248,1
xxx03249,1
xxx03250,0
xxx03251,1
xxx03252,1
xxx03253,0
xxx03254,0
xxx03255,1
xxx03256,1
xxx03257,1
xxx03258,1
xxx03259,1
xxx03260,0
xxx03261,0
xxx03262,0
xxx03263,0
xxx03264,1
xxx03265,1
xxx03266,1
xxx03267,1
xxx03268,0
xxx03269,0
xxx03270,1
xxx03271,0
xxx03272,0
xxx03273,1
xxx03274,0
xxx03275,0
xxx03276,0
xxx03277,0
xxx03278,1
xxx03279,1
xxx03280,1
xxx03281,1
xxx03282,1
xxx03283,0
xxx03284,1
xxx03285,0
xxx03286,0
xxx03287,0
xxx03288,0
xxx03289,1
xxx03290,1
xxx03291,1
xxx03292,1
xxx03293,0
xxx03294,1
xxx03295,0
xxx03296,1
xxx03297,0
xxx03298,0
xxx03299,1
xxx03300,0
xxx03301,1
xxx03302,0
xxx03303,1
xxx03304,1
xxx03305,0
xxx03306,0
xxx03307,1
xxx03308,1
xxx03309,1
xxx03310,1
xxx03311,1
xxx03312,0
xxx03313,0
xxx03314,1
xxx03315,1
xxx03316,0
xxx03317,1
xxx03318,0
xxx03319,1
xxx03320,1
xxx03321,1
xxx03322,1
xxx03323,0
xxx03324,0
xxx03325,1
xxx03326,0
xxx03327,1
xxx03328,1
xxx03329,1
xxx03330,1
xxx03331,1
xxx03332,0
xxx03333,0
xxx03334,1
xxx03335,0
xxx03336,0
xxx03337,1
xxx03338,0
xxx03339,0
xxx03340,0
xxx03341,0
xxx03342,0
xxx03343,1
xxx03344,0
xxx03345,1
xxx03346,0
xxx03347,0
xxx03348,1
xxx03349,0
xxx03350,1
xxx03351,0
xxx03352,1
xxx03353,0
xxx03354,1
xxx03355,0
xxx03356,0
xxx03357,1
xxx03358,0
xxx03359,0
xxx03360,1
xxx03361,1
xxx03362,0
xxx03363,0
xxx03364,1
xxx03365,1
xxx03366,0
xxx03367,1
xxx03368,1
xxx03369,0
xxx03370,0
xxx03371,0
xxx03372,0
xxx03373,1
xxx03374,1
xxx03375,0
xxx03376,1
xxx03377,0
xxx03378,1
xxx03379,1
xxx03380,0
xxx03381,0
xxx03382,0
xxx03383,1
xxx03384,0
xxx03385,1
xxx03386,1
xxx03387,0
xxx03388,1
xxx03389,1
xxx03390,1
xxx03391,0
xxx03392,1
xxx03393,0
xxx03394,0
xxx03395,0
xxx03396,1
xxx03397,1
xxx03398,0
xxx03399,0
xxx03400,1
xxx03401,1
xxx03402,0
xxx03403,0
xxx03404,0
xxx03405,0
xxx03406,1
xxx03407,1
xxx03408,0
xxx03409,1
xxx03410,1
xxx03411,0
xxx03412,0
xxx03413,0
xxx03414,0
xxx03415,1
xxx03416,0
xxx03417,0
xxx03418,0
xxx03419,0
xxx03420,0
xxx03421,1
xxx03422,1
xxx03423,0
xxx03424,0
xxx03425,1
xxx03426,1
xxx03427,0
xxx03428,1
xxx03429,1
xxx03430,1
xxx03431,0
xxx03432,0
xxx03433,1
xxx03434,1
xxx03435,1
xxx03436,1
xxx03437,1
xxx03438,0
xxx03439,0
xxx03440,1
xxx03441,1
xxx03442,0
xxx03443,0
xxx03444,0
xxx03445,0
xxx03446,0
xxx03447,1
xxx03448,0
xxx03449,0
xxx03450,1
xxx03451,1
xxx03452,0
xxx03453,1
xxx03454,1
xxx03455,1
xxx03456,1
xxx03457,0
xxx03458,1
xxx03459,1
xxx03460,0
xxx03461,1
xxx03462,0
xxx03463,0
xxx03464,1
xxx03465,1
xxx03466,0
xxx03467,0
xxx03468,1
xxx03469,0
xxx03470,1
xxx03471,0
xxx03472,0
xxx03473,0
xxx03474,1
xxx03475,0
xxx03476,1
xxx03477,1
xxx03478,1
xxx03479,1
xxx03480,1
xxx03481,0
xxx03482,1
xxx03483,0
xxx03484,0
xxx03485,0
xxx03486,1
xxx03487,1
xxx03488,0
xxx03489,1
xxx03490,1
xxx03491,1
xxx03492,1
xxx03493,0
xxx03494,1
xxx03495,1
xxx03496,1
xxx03497,1
xxx03498,1
xxx03499,0
xxx03500,1
xxx03501,0
xxx03502,1
xxx03503,0
xxx03504,1
xxx03505,1
xxx03506,0
xxx03507,0
xxx03508,1
xxx03509,0
xxx03510,0
xxx03511,0
xxx03512,1
xxx03513,0
xxx03514,1
xxx03515,1
xxx03516,0
xxx03517,1
xxx03518,1
xxx03519,1
xxx03520,0
xxx03521,0
xxx03522,0
xxx03523,1
xxx03524,0
xxx03525,0
xxx03526,1
xxx03527,1
xxx03528,0
xxx03529,1
xxx03530,0
xxx03531,0
xxx03532,1
xxx03533,1
xxx03534,0
xxx03535,1
xxx03536,1
xxx03537,1
xxx03538,1
xxx03539,0
xxx03540,0
xxx03541,1
xxx03542,1
xxx03543,1
xxx03544,1
xxx03545,1
xxx03546,1
xxx03547,0
xxx03548,1
xxx03549,1
xxx03550,1
xxx03551,1
xxx03552,0
xxx03553,1
xxx03554,0
xxx03555,1
xxx03556,1
xxx03557,1
xxx03558,1
xxx03559,0
xxx03560,1
xxx03561,0
xxx03562,0
xxx03563,0
xxx03564,0
xxx03565,0
xxx03566,1
xxx03567,0
xxx03568,0
xxx03569,1
xxx03570,0
xxx03571,1
xxx03572,1
xxx03573,0
xxx03574,0
xxx03575,0
xxx03576,1
xxx03577,0
xxx03578,0
xxx03579,0
xxx03580,1
xxx03581,0
xxx03582,0
xxx03583,0
xxx03584,0
xxx03585,0
xxx03586,0
xxx03587,0
xxx03588,1
xxx03589,0
xxx03590,0
xxx03591,1
xxx03592,0
xxx03593,0
xxx03594,1
xxx03595,1
xxx03596,0
xxx03597,1
xxx03598,1
xxx03599,1
xxx03600,0
xxx03601,1
xxx03602,0
xxx03603,0
xxx03604,0
xxx03605,0
xxx03606,0
xxx03607,1
xxx03608,0
xxx03609,0
xxx03610,0
xxx03611,0
xxx03612,1
xxx03613,0
xxx03614,1
xxx03615,0
xxx03616,0
xxx03617,1
xxx03618,1
xxx03619,1
xxx03620,0
xxx03621,1
xxx03622,0
xxx03623,0
xxx03624,0
xxx03625,0
xxx03626,1
xxx03627,1
xxx03628,0
xxx03629,1
xxx03630,1
xxx03631,0
xxx03632,0
xxx03633,0
xxx03634,0
xxx03635,1
xxx03636,1
xxx03637,0
xxx03638,0
xxx03639,0
xxx03640,0
xxx03641,1
xxx03642,1
xxx03643,1
xxx03644,0
xxx03645,0
xxx03646,0
xxx03647,1
xxx03648,1
xxx03649,1
xxx03650,0
xxx03651,1
xxx03652,0
xxx03653,1
xxx03654,0
xxx03655,1
xxx03656,0
xxx03657,0
xxx03658,1
xxx03659,0
xxx03660,0
xxx03661,0
xxx03662,1
xxx03663,1
xxx03664,0
xxx03665,0
xxx03666,1
xxx03667,0
xxx03668,1
xxx03669,0
xxx03670,0
xxx03671,0
xxx03672,0
xxx03673,1
xxx03674,0
xxx03675,0
xxx03676,0
xxx03677,0
xxx03678,1
xxx03679,1
xxx03680,1
xxx03681,1
xxx03682,1
xxx03683,0
xxx03684,1
xxx03685,1
xxx03686,1
xxx03687,1
xxx03688,1
xxx03689,1
xxx03690,1
xxx03691,0
xxx03692,1
xxx03693,0
xxx03694,1
xxx03695,0
xxx03696,1
xxx03697,0
xxx03698,0
xxx03699,1
xxx03700,1
xxx03701,1
xxx03702,1
xxx03703,0
xxx03704,0
xxx03705,0
xxx03706,1
xxx03707,1
xxx03708,0
xxx03709,1
xxx03710,1
xxx03711,0
xxx03712,1
xxx03713,0
xxx03714,1
xxx03715,1
xxx03716,0
xxx03717,1
xxx03718,1
xxx03719,1
xxx03720,1
xxx03721,1
xxx03722,0
xxx03723,1
xxx03724,1
xxx03725,0
xxx03726,1
xxx03727,1
xxx03728,0
xxx03729,0
xxx03730,0
xxx03731,1
xxx03732,1
xxx03733,1
xxx03734,1
xxx03735,1
xxx03736,1
xxx03737,1
xxx03738,0
xxx03739,1
xxx03740,0
xxx03741,1
xxx03742,1
xxx03743,1
xxx03744,1
xxx03745,1
xxx03746,0
xxx03747,1
xxx03748,1
xxx03749,0
xxx03750,0
xxx03751,0
xxx03752,1
xxx03753,0
xxx03754,1
xxx03755,0
xxx03756,1
xxx03757,0
xxx03758,1
xxx03759,0
xxx03760,1
xxx03761,1
xxx03762,0
xxx03763,0
xxx03764,0
xxx03765,1
xxx03766,0
xxx03767,0
xxx03768,1
xxx03769,1
xxx03770,0
xxx03771,0
xxx03772,0
xxx03773,0
xxx03774,0
xxx03775,1
xxx03776,1
xxx03777,0
xxx03778,0
xxx03779,0
xxx03780,0
xxx03781,1
xxx03782,0
xxx03783,1
xxx03784,1
xxx03785,1
xxx03786,0
xxx03787,0
xxx03788,1
xxx03789,0
xxx03790,0
xxx03791,1
xxx03792,0
xxx03793,0
xxx03794,0
xxx03795,1
xxx03796,1
xxx03797,0
xxx03798,0
xxx03799,0
xxx03800,1
xxx03801,0
xxx03802,0
xxx03803,0
xxx03804,1
xxx03805,1
xxx03806,0
xxx03807,0
xxx03808,0
xxx03809,1
xxx03810,0
xxx03811,0
xxx03812,1
xxx03813,0
xxx03814,0
xxx03815,0
xxx03816,1
xxx03817,1
xxx03818,0
xxx03819,1
xxx03820,0
xxx03821,0
xxx03822,0
xxx03823,1
xxx03824,0
xxx03825,0
xxx03826,1
xxx03827,0
xxx03828,1
xxx03829,1
xxx03830,1
xxx03831,0
xxx03832,1
xxx03833,1
xxx03834,1
xxx03835,1
xxx03836,1
xxx03837,0
xxx03838,0
xxx03839,1
xxx03840,0
xxx03841,1
xxx03842,0
xxx03843,0
xxx03844,0
xxx03845,1
xxx03846,0
xxx03847,1
xxx03848,0
xxx03849,1
xxx03850,0
xxx03851,0
xxx03852,1
xxx03853,0
xxx03854,0
xxx03855,1
xxx03856,1
xxx03857,1
xxx03858,0
xxx03859,1
xxx03860,1
xxx03861,0
xxx03862,0
xxx03863,1
xxx03864,1
xxx03865,1
xxx03866,0
xxx03867,1
xxx03868,0
xxx03869,0
xxx03870,0
xxx03871,0
xxx03872,1
xxx03873,1
xxx03874,1
xxx03875,1
xxx03876,1
xxx03877,0
xxx03878,1
xxx03879,0
xxx03880,0
xxx03881,1
xxx03882,0
xxx03883,1
xxx03884,1
xxx03885,0
xxx03886,1
xxx03887,0
xxx03888,1
xxx03889,1
xxx03890,1
xxx03891,0
xxx03892,0
xxx03893,0
xxx03894,1
xxx03895,0
xxx03896,1
xxx03897,1
xxx03898,0
xxx03899,0
xxx03900,0
xxx03901,1
xxx03902,1
xxx03903,0
xxx03904,1
xxx03905,0
xxx03906,0
xxx03907,1
xxx03908,0
xxx03909,1
xxx03910,1
xxx03911,0
xxx03912,1
xxx03913,0
xxx03914,0
xxx03915,0
xxx03916,1
xxx03917,0
xxx03918,1
xxx03919,0
xxx03920,1
xxx03921,1
xxx03922,1
xxx03923,1
xxx03924,1
xxx03925,0
xxx03926,1
xxx03927,1
xxx03928,0
xxx03929,0
xxx03930,0
xxx03931,1
xxx03932,0
xxx03933,1
xxx03934,1
xxx03935,1
xxx03936,0
xxx03937,1
xxx03938,0
xxx03939,0
xxx03940,0
xxx03941,1
xxx03942,0
xxx03943,0
xxx03944,1
xxx03945,0
xxx03946,1
xxx03947,0
xxx03948,1
xxx03949,0
xxx03950,0
xxx03951,1
xxx03952,1
xxx03953,0
xxx03954,1
xxx03955,1
xxx03956,0
xxx03957,0
xxx03958,1
xxx03959,0
xxx03960,1
xxx03961,0
xxx03962,1
xxx03963,1
xxx03964,0
xxx03965,0
xxx03966,1
xxx03967,1
xxx03968,0
xxx03969,0
xxx03970,0
xxx03971,1
xxx03972,0
xxx03973,1
xxx03974,0
xxx03975,0
xxx03976,0
xxx03977,1
xxx03978,1
xxx03979,0
xxx03980,0
xxx03981,1
xxx03982,0
xxx03983,0
xxx03984,1
xxx03985,0
xxx03986,0
xxx03987,1
xxx03988,0
xxx03989,0
xxx03990,0
xxx03991,0
xxx03992,1
xxx03993,1
xxx03994,0
xxx03995,1
xxx03996,1
xxx03997,1
xxx03998,1
xxx03999,0
xxx04000,0
xxx04001,1
xxx04002,1
xxx04003,0
xxx04004,1
xxx04005,0
xxx04006,0
xxx04007,0
xxx04008,0
xxx04009,1
xxx04010,0
xxx04011,1
xxx04012,1
xxx04013,1
xxx04014,0
xxx04015,1
xxx04016,0
xxx04017,0
xxx04018,1
xxx04019,1
xxx04020,1
xxx04021,0
xxx04022,0
xxx04023,0
xxx04024,0
xxx04025,0
xxx04026,1
xxx04027,1
xxx04028,1
xxx04029,0
xxx04030,1
xxx04031,0
xxx04032,0
xxx04033,0
xxx04034,0
xxx04035,0
xxx04036,0
xxx04037,0
xxx04038,1
xxx04039,0
xxx04040,1
xxx04041,1
xxx04042,0
xxx04043,0
xxx04044,0
xxx04045,0
xxx04046,0
xxx04047,1
xxx04048,0
xxx04049,0
xxx04050,1
xxx04051,0
xxx04052,1
xxx04053,0
xxx04054,0
xxx04055,0
xxx04056,0
xxx04057,1
xxx04058,0
xxx04059,0
xxx04060,0
xxx04061,0
xxx04062,1
xxx04063,1
xxx04064,1
xxx04065,1
xxx04066,1
xxx04067,0
xxx04068,1
xxx04069,0
xxx04070,0
xxx04071,1
xxx04072,0
xxx04073,0
xxx04074,1
xxx04075,0
xxx04076,0
xxx04077,0
xxx04078,1
xxx04079,0
xxx04080,0
xxx04081,0
xxx04082,0
xxx04083,0
xxx04084,1
xxx04085,0
xxx04086,1
xxx04087,0
xxx04088,1
xxx04089,0
xxx04090,0
xxx04091,1
xxx04092,0
xxx04093,1
xxx04094,0
xxx04095,1
xxx04096,0
xxx04097,1
xxx04098,1
xxx04099,1
xxx04100,0
xxx04101,1
xxx04102,0
xxx04103,1
xxx04104,1
xxx04105,0
xxx04106,0
xxx04107,1
xxx04108,1
xxx04109,1
xxx04110,1
xxx04111,0
xxx04112,0
xxx04113,0
xxx04114,0
xxx04115,1
xxx04116,1
xxx04117,1
xxx04118,0
xxx04119,1
xxx04120,1
xxx04121,0
xxx04122,1
xxx04123,0
xxx04124,0
xxx04125,1
xxx04126,1
xxx04127,0
xxx04128,0
xxx04129,0
xxx04130,0
xxx04131,0
xxx04132,1
xxx04133,1
xxx04134,0
xxx04135,1
xxx04136,0
xxx04137,1
xxx04138,1
xxx04139,0
xxx04140,0
xxx04141,1
xxx04142,0
xxx04143,0
xxx04144,0
xxx04145,1
xxx04146,1
xxx04147,1
xxx04148,0
xxx04149,0
xxx04150,1
xxx04151,1
xxx04152,1
xxx04153,1
xxx04154,0
xxx04155,1
xxx04156,0
xxx04157,0
xxx04158,0
xxx04159,0
xxx04160,1
xxx04161,0
xxx04162,1
xxx04163,1
xxx04164,1
xxx04165,1
xxx04166,1
xxx04167,1
xxx04168,0
xxx04169,1
xxx04170,1
xxx04171,0
xxx04172,1
xxx04173,0
xxx04174,0
xxx04175,0
xxx04176,1
xxx04177,1
xxx04178,1
xxx04179,1
xxx04180,0
xxx04181,0
xxx04182,0
xxx04183,1
xxx04184,1
xxx04185,0
xxx04186,1
xxx04187,0
xxx04188,1
xxx04189,1
xxx04190,0
xxx04191,1
xxx04192,0
xxx04193,0
xxx04194,1
xxx04195,0
xxx04196,0
xxx04197,0
xxx04198,1
xxx04199,0
xxx04200,0
xxx04201,0
xxx04202,0
xxx04203,1
xxx04204,0
xxx04205,0
xxx04206,0
xxx04207,0
xxx04208,1
xxx04209,1
xxx04210,0
xxx04211,0
xxx04212,0
xxx04213,1
xxx04214,0
xxx04215,0
xxx04216,0
xxx04217,1
xxx04218,0
xxx04219,1
xxx04220,1
xxx04221,0
xxx04222,1
xxx04223,1
xxx04224,1
xxx04225,1
xxx04226,1
xxx04227,1
xxx04228,1
xxx04229,1
xxx04230,1
xxx04231,0
xxx04232,0
xxx04233,0
xxx04234,1
xxx04235,1
xxx04236,0
xxx04237,0
xxx04238,0
xxx04239,0
xxx04240,0
xxx04241,0
xxx04242,0
xxx04243,0
xxx04244,1
xxx04245,1
xxx04246,0
xxx04247,1
xxx04248,1
xxx04249,1
xxx04250,0
xxx04251,1
xxx04252,1
xxx04253,1
xxx04254,1
xxx04255,0
xxx04256,1
xxx04257,1
xxx04258,1
xxx04259,0
xxx04260,1
xxx04261,1
xxx04262,1
xxx04263,1
xxx04264,0
xxx04265,1
xxx04266,0
xxx04267,0
xxx04268,1
xxx04269,0
xxx04270,0
xxx04271,1
xxx04272,0
xxx04273,0
xxx04274,0
xxx04275,1
xxx04276,1
xxx04277,1
xxx04278,1
xxx04279,1
xxx04280,1
xxx04281,1
xxx04282,1
xxx04283,0
xxx04284,1
xxx04285,1
xxx04286,0
xxx04287,0
xxx04288,0
xxx04289,0
xxx04290,1
xxx04291,1
xxx04292,1
xxx04293,1
xxx04294,1
xxx04295,0
xxx04296,1
xxx04297,0
xxx04298,1
xxx04299,1
xxx04300,0
xxx04301,0
xxx04302,1
xxx04303,1
xxx04304,1
xxx04305,1
xxx04306,0
xxx04307,1
xxx04308,0
xxx04309,1
xxx04310,1
xxx04311,0
xxx04312,0
xxx04313,0
xxx04314,0
xxx04315,0
xxx04316,1
xxx04317,0
xxx04318,0
xxx04319,1
xxx04320,1
xxx04321,1
xxx04322,0
xxx04323,1
xxx04324,1
xxx04325,1
xxx04326,1
xxx04327,1
xxx04328,0
xxx04329,0
xxx04330,1
xxx04331,1
xxx04332,1
xxx04333,1
xxx04334,1
xxx04335,1
xxx04336,0
xxx04337,1
xxx04338,1
xxx04339,0
xxx04340,0
xxx04341,0
xxx04342,1
xxx04343,0
xxx04344,1
xxx04345,0
xxx04346,1
xxx04347,1
xxx04348,1
xxx04349,1
xxx04350,0
xxx04351,0
xxx04352,0
xxx04353,1
xxx04354,1
xxx04355,1
xxx04356,1
xxx04357,1
xxx04358,1
xxx04359,1
xxx04360,0
xxx04361,0
xxx04362,0
xxx04363,0
xxx04364,0
xxx04365,0
xxx04366,0
xxx04367,0
xxx04368,1
xxx04369,1
xxx04370,1
xxx04371,0
xxx04372,1
xxx04373,1
xxx04374,0
xxx04375,0
xxx04376,1
xxx04377,1
xxx04378,1
xxx04379,1
xxx04380,0
xxx04381,0
xxx04382,0
xxx04383,1
xxx04384,0
xxx04385,0
xxx04386,0
xxx04387,0
xxx04388,0
xxx04389,1
xxx04390,0
xxx04391,1
xxx04392,0
xxx04393,0
xxx04394,1
xxx04395,1
xxx04396,1
xxx04397,1
xxx04398,1
xxx04399,0
xxx04400,1
xxx04401,0
xxx04402,1
xxx04403,1
xxx04404,1
xxx04405,0
xxx04406,0
xxx04407,1
xxx04408,1
xxx04409,1
xxx04410,0
xxx04411,1
xxx04412,1
xxx04413,1
xxx04414,0
xxx04415,1
xxx04416,1
xxx04417,1
xxx04418,1
xxx04419,0
xxx04420,1
xxx04421,1
xxx04422,1
xxx04423,1
xxx04424,1
xxx04425,0
xxx04426,1
xxx04427,0
xxx04428,0
xxx04429,1
xxx04430,1
xxx04431,1
xxx04432,1
xxx04433,1
xxx04434,1
xxx04435,1
xxx04436,0
xxx04437,1
xxx04438,1
xxx04439,1
xxx04440,1
xxx04441,1
xxx04442,0
xxx04443,1
xxx04444,1
xxx04445,0
xxx04446,0
xxx04447,1
xxx04448,1
xxx04449,0
xxx04450,0
xxx04451,0
xxx04452,1
xxx04453,0
xxx04454,0
xxx04455,0
xxx04456,0
xxx04457,0
xxx04458,0
xxx04459,1
xxx04460,1
xxx04461,0
xxx04462,0
xxx04463,0
xxx04464,0
xxx04465,1
xxx04466,1
xxx04467,0
xxx04468,0
xxx04469,1
xxx04470,0
xxx04471,0
xxx04472,1
xxx04473,1
xxx04474,1
xxx04475,0
xxx04476,1
xxx04477,1
xxx04478,0
xxx04479,1
xxx04480,0
xxx04481,0
xxx04482,1
xxx04483,1
xxx04484,0
xxx04485,1
xxx04486,1
xxx04487,0
xxx04488,0
xxx04489,1
xxx04490,0
xxx04491,1
xxx04492,1
xxx04493,0
xxx04494,1
xxx04495,0
xxx04496,1
xxx04497,0
xxx04498,1
xxx04499,0
xxx04500,0
xxx04501,0
xxx04502,0
xxx04503,0
xxx04504,1
xxx04505,0
xxx04506,1
xxx04507,1
xxx04508,0
xxx04509,0
xxx04510,0
xxx04511,0
xxx04512,0
xxx04513,0
xxx04514,0
xxx04515,1
xxx04516,0
xxx04517,0
xxx04518,1
xxx04519,1
xxx04520,0
xxx04521,0
xxx04522,1
xxx04523,1
xxx04524,0
xxx04525,0
xxx04526,0
xxx04527,0
xxx04528,0
xxx04529,1
xxx04530,0
xxx04531,1
xxx04532,1
xxx04533,0
xxx04534,1
xxx04535,0
xxx04536,1
xxx04537,1
xxx04538,0
xxx04539,1
xxx04540,1
xxx04541,1
xxx04542,1
xxx04543,1
xxx04544,1
xxx04545,0
xxx04546,0
xxx04547,0
xxx04548,0
xxx04549,1
xxx04550,1
xxx04551,0
xxx04552,0
xxx04553,0
xxx04554,0
xxx04555,0
xxx04556,0
xxx04557,0
xxx04558,0
xxx04559,1
xxx04560,1
xxx04561,0
xxx04562,0
xxx04563,1
xxx04564,1
xxx04565,0
xxx04566,0
xxx04567,1
xxx04568,1
xxx04569,0
xxx04570,1
xxx04571,1
xxx04572,0
xxx04573,1
xxx04574,0
xxx04575,1
xxx04576,0
xxx04577,1
xxx04578,1
xxx04579,1
xxx04580,1
xxx04581,0
xxx04582,1
xxx04583,1
xxx04584,0
xxx04585,1
xxx04586,1
xxx04587,1
xxx04588,1
xxx04589,0
xxx04590,0
xxx04591,0
xxx04592,0
xxx04593,0
xxx04594,0
xxx04595,0
xxx04596,1
xxx04597,1
xxx04598,1
xxx04599,1
xxx04600,1
xxx04601,0
xxx04602,0
xxx04603,1
xxx04604,1
xxx04605,0
xxx04606,1
xxx04607,1
xxx04608,1
xxx04609,0
xxx04610,1
xxx04611,0
xxx04612,0
xxx04613,0
xxx04614,1
xxx04615,0
xxx04616,1
xxx04617,1
xxx04618,1
xxx04619,0
xxx04620,0
xxx04621,0
xxx04622,1
xxx04623,0
xxx04624,0
xxx04625,0
xxx04626,0
xxx04627,1
xxx04628,0
xxx04629,1
xxx04630,1
xxx04631,0
xxx04632,1
xxx04633,1
xxx04634,0
xxx04635,0
xxx04636,0
xxx04637,1
xxx04638,0
xxx04639,1
xxx04640,1
xxx04641,1
xxx04642,0
xxx04643,0
xxx04644,0
xxx04645,0
xxx04646,0
xxx04647,1
xxx04648,1
xxx04649,0
xxx04650,0
xxx04651,0
xxx04652,0
xxx04653,1
xxx04654,1
xxx04655,1
xxx04656,0
xxx04657,0
xxx04658,1
xxx04659,1
xxx04660,0
xxx04661,1
xxx04662,0
xxx04663,0
xxx04664,1
xxx04665,0
xxx04666,0
xxx04667,1
xxx04668,0
xxx04669,1
xxx04670,1
xxx04671,1
xxx04672,1
xxx04673,0
xxx04674,1
xxx04675,1
xxx04676,1
xxx04677,0
xxx04678,0
xxx04679,1
xxx04680,1
xxx04681,0
xxx04682,0
xxx04683,0
xxx04684,1
xxx04685,1
xxx04686,1
xxx04687,1
xxx04688,0
xxx04689,0
xxx04690,1
xxx04691,1
xxx04692,1
xxx04693,1
xxx04694,0
xxx04695,1
xxx04696,1
xxx04697,1
xxx04698,0
xxx04699,1
xxx04700,1
xxx04701,0
xxx04702,1
xxx04703,0
xxx04704,0
xxx04705,0
xxx04706,1
xxx04707,1
xxx04708,1
xxx04709,1
xxx04710,0
xxx04711,1
xxx04712,0
xxx04713,1
xxx04714,1
xxx04715,0
xxx04716,1
xxx04717,0
xxx04718,1
xxx04719,0
xxx04720,1
xxx04721,1
xxx04722,1
xxx04723,0
xxx04724,0
xxx04725,1
xxx04726,1
xxx04727,1
xxx04728,1
xxx04729,0
xxx04730,0
xxx04731,1
xxx04732,1
xxx04733,1
xxx04734,1
xxx04735,1
xxx04736,0
xxx04737,0
xxx04738,0
xxx04739,1
xxx04740,0
xxx04741,0
xxx04742,1
xxx04743,1
xxx04744,0
xxx04745,1
xxx04746,0
xxx04747,0
xxx04748,1
xxx04749,1
xxx04750,1
xxx04751,1
xxx04752,1
xxx04753,0
xxx04754,0
xxx04755,0
xxx04756,1
xxx04757,1
xxx04758,0
xxx04759,1
xxx04760,0
xxx04761,1
xxx04762,0
xxx04763,0
xxx04764,0
xxx04765,1
xxx04766,0
xxx04767,1
xxx04768,1
xxx04769,0
xxx04770,0
xxx04771,1
xxx04772,0
xxx04773,0
xxx04774,0
xxx04775,0
xxx04776,1
xxx04777,1
xxx04778,0
xxx04779,1
xxx04780,0
xxx04781,1
xxx04782,0
xxx04783,0
xxx04784,1
xxx04785,0
xxx04786,0
xxx04787,1
xxx04788,1
xxx04789,0
xxx04790,0
xxx04791,1
xxx04792,0
xxx04793,1
xxx04794,1
xxx04795,1
xxx04796,1
xxx04797,1
xxx04798,1
xxx04799,1
xxx04800,1
xxx04801,1
xxx04802,0
xxx04803,1
xxx04804,0
xxx04805,1
xxx04806,0
xxx04807,0
xxx04808,1
xxx04809,0
xxx04810,0
xxx04811,1
xxx04812,1
xxx04813,0
xxx04814,0
xxx04815,1
xxx04816,1
xxx04817,1
xxx04818,1
xxx04819,1
xxx04820,1
xxx04821,0
xxx04822,0
xxx04823,1
xxx04824,0
xxx04825,0
xxx04826,0
xxx04827,0
xxx04828,0
xxx04829,1
xxx04830,1
xxx04831,0
xxx04832,1
xxx04833,1
xxx04834,1
xxx04835,0
xxx04836,1
xxx04837,1
xxx04838,0
xxx04839,1
xxx04840,0
xxx04841,0
xxx04842,1
xxx04843,0
xxx04844,0
xxx04845,0
xxx04846,1
xxx04847,1
xxx04848,0
xxx04849,1
xxx04850,1
xxx04851,0
xxx04852,1
xxx04853,0
xxx04854,0
xxx04855,0
xxx04856,0
xxx04857,1
xxx04858,1
xxx04859,0
xxx04860,0
xxx04861,0
xxx04862,0
xxx04863,0
xxx04864,0
xxx04865,0
xxx04866,1
xxx04867,0
xxx04868,1
xxx04869,1
xxx04870,0
xxx04871,0
xxx04872,0
xxx04873,1
xxx04874,0
xxx04875,0
xxx04876,0
xxx04877,0
xxx04878,0
xxx04879,0
xxx04880,0
xxx04881,0
xxx04882,1
xxx04883,1
xxx04884,1
xxx04885,1
xxx04886,1
xxx04887,0
xxx04888,0
xxx04889,1
xxx04890,0
xxx04891,0
xxx04892,1
xxx04893,0
xxx04894,1
xxx04895,1
xxx04896,1
xxx04897,0
xxx04898,0
xxx04899,1
xxx04900,1
xxx04901,1
xxx04902,0
xxx04903,1
xxx04904,0
xxx04905,1
xxx04906,1
xxx04907,0
xxx04908,1
xxx04909,0
xxx04910,0
xxx04911,0
xxx04912,0
xxx04913,1
xxx04914,0
xxx04915,1
xxx04916,0
xxx04917,0
xxx04918,1
xxx04919,1
xxx04920,1
xxx04921,0
xxx04922,1
xxx04923,0
xxx04924,1
xxx04925,0
xxx04926,0
xxx04927,1
xxx04928,0
xxx04929,1
xxx04930,1
xxx04931,1
xxx04932,1
xxx04933,1
xxx04934,1
xxx04935,1
xxx04936,1
xxx04937,0
xxx04938,0
xxx04939,0
xxx04940,0
xxx04941,1
xxx04942,1
xxx04943,0
xxx04944,1
xxx04945,1
xxx04946,1
xxx04947,1
xxx04948,1
xxx04949,0
xxx04950,0
xxx04951,1
xxx04952,0
xxx04953,1
xxx04954,1
xxx04955,1
xxx04956,0
xxx04957,0
xxx04958,1
xxx04959,1
xxx04960,0
xxx04961,0
xxx04962,1
xxx04963,0
xxx04964,0
xxx04965,1
xxx04966,0
xxx04967,1
xxx04968,0
xxx04969,0
xxx04970,1
xxx04971,0
xxx04972,1
xxx04973,1
xxx04974,1
xxx04975,1
xxx04976,1
xxx04977,0
xxx04978,0
xxx04979,1
xxx04980,0
xxx04981,0
xxx04982,1
xxx04983,0
xxx04984,1
xxx04985,0
xxx04986,0
xxx04987,1
xxx04988,0
xxx04989,1
xxx04990,0
xxx04991,0
xxx04992,0
xxx04993,1
xxx04994,0
xxx04995,1
xxx04996,1
xxx04997,0
xxx04998,1
xxx04999,1
xxx05000,1
xxx05001,1
xxx05002,1
xxx05003,1
xxx05004,1
xxx05005,1
xxx05006,0
xxx05007,0
xxx05008,0
xxx05009,1
xxx05010,1
xxx05011,0
xxx05012,0
xxx05013,1
xxx05014,0
xxx05015,0
xxx05016,0
xxx05017,0
xxx05018,0
xxx05019,0
xxx05020,0
xxx05021,0
xxx05022,0
xxx05023,0
xxx05024,1
xxx05025,0
xxx05026,1
xxx05027,1
xxx05028,0
xxx05029,1
xxx05030,0
xxx05031,0
xxx05032,0
xxx05033,0
xxx05034,0
xxx05035,0
xxx05036,1
xxx05037,1
xxx05038,1
xxx05039,1
xxx05040,1
xxx05041,1
xxx05042,0
xxx05043,1
xxx05044,0
xxx05045,0
xxx05046,1
xxx05047,0
xxx05048,0
xxx05049,1
xxx05050,1
xxx05051,1
xxx05052,1
xxx05053,1
xxx05054,0
xxx05055,0
xxx05056,0
xxx05057,0
xxx05058,1
xxx05059,0
xxx05060,0
xxx05061,0
xxx05062,0
xxx05063,0
xxx05064,1
xxx05065,0
xxx05066,1
xxx05067,0
xxx05068,1
xxx05069,1
xxx05070,0
xxx05071,0
xxx05072,1
xxx05073,1
xxx05074,1
xxx05075,1
xxx05076,1
xxx05077,0
xxx05078,1
xxx05079,1
xxx05080,1
xxx05081,0
xxx05082,1
xxx05083,1
xxx05084,0
xxx05085,1
xxx05086,1
xxx05087,0
xxx05088,0
xxx05089,0
xxx05090,1
xxx05091,1
xxx05092,0
xxx05093,1
xxx05094,0
xxx05095,1
xxx05096,0
xxx05097,1
xxx05098,0
xxx05099,1
xxx05100,0
xxx05101,0
xxx05102,0
xxx05103,0
xxx05104,1
xxx05105,1
xxx05106,1
xxx05107,0
xxx05108,0
xxx05109,0
xxx05110,1
xxx05111,0
xxx05112,1
xxx05113,1
xxx05114,0
xxx05115,0
xxx05116,0
xxx05117,0
xxx05118,0
xxx05119,0
xxx05120,0
xxx05121,1
xxx05122,0
xxx05123,1
xxx05124,0
xxx05125,0
xxx05126,0
xxx05127,0
xxx05128,0
xxx05129,1
xxx05130,0
xxx05131,0
xxx05132,0
xxx05133,0
xxx05134,1
xxx05135,1
xxx05136,0
xxx05137,0
xxx05138,0
xxx05139,0
xxx05140,0
xxx05141,0
xxx05142,1
xxx05143,0
xxx05144,0
xxx05145,1
xxx05146,0
xxx05147,0
xxx05148,1
xxx05149,0
xxx05150,0
xxx05151,0
xxx05152,1
xxx05153,1
xxx05154,0
xxx05155,0
xxx05156,0
xxx05157,1
xxx05158,1
xxx05159,0
xxx05160,1
xxx05161,0
xxx05162,0
xxx05163,1
xxx05164,1
xxx05165,0
xxx05166,1
xxx05167,0
xxx05168,1
xxx05169,1
xxx05170,1
xxx05171,1
xxx05172,0
xxx05173,1
xxx05174,1
xxx05175,0
xxx05176,1
xxx05177,1
xxx05178,0
xxx05179,0
xxx05180,1
xxx05181,0
xxx05182,1
xxx05183,1
xxx05184,0
xxx05185,0
xxx05186,1
xxx05187,0
xxx05188,1
xxx05189,0
xxx05190,1
xxx05191,1
xxx05192,0
xxx05193,0
xxx05194,1
xxx05195,0
xxx05196,1
xxx05197,1
xxx05198,1
xxx05199,0
xxx05200,0
xxx05201,1
xxx05202,1
xxx05203,1
xxx05204,1
xxx05205,0
xxx05206,1
xxx05207,0
xxx05208,0
xxx05209,0
xxx05210,1
xxx05211,1
xxx05212,0
xxx05213,1
xxx05214,0
xxx05215,0
xxx05216,1
xxx05217,1
xxx05218,1
xxx05219,0
xxx05220,1
xxx05221,1
xxx05222,0
xxx05223,0
xxx05224,1
xxx05225,0
xxx05226,1
xxx05227,1
xxx05228,1
xxx05229,0
xxx05230,0
xxx05231,0
xxx05232,1
xxx05233,0
xxx05234,0
xxx05235,1
xxx05236,0
xxx05237,0
xxx05238,1
xxx05239,1
xxx05240,1
xxx05241,0
xxx05242,0
xxx05243,1
xxx05244,1
xxx05245,1
xxx05246,1
xxx05247,1
xxx05248,0
xxx05249,0
xxx05250,0
xxx05251,0
xxx05252,1
xxx05253,1
xxx05254,1
xxx05255,1
xxx05256,1
xxx05257,1
xxx05258,1
xxx05259,0
xxx05260,0
xxx05261,0
xxx05262,0
xxx05263,0
xxx05264,0
xxx05265,0
xxx05266,1
xxx05267,0
xxx05268,1
xxx05269,1
xxx05270,0
xxx05271,1
xxx05272,0
xxx05273,1
xxx05274,0
xxx05275,0
xxx05276,0
xxx05277,1
xxx05278,1
xxx05279,0
xxx05280,1
xxx05281,1
xxx05282,0
xxx05283,0
xxx05284,1
xxx05285,1
xxx05286,1
xxx05287,1
xxx05288,0
xxx05289,0
xxx05290,1
xxx05291,0
xxx05292,0
xxx05293,1
xxx05294,0
xxx05295,1
xxx05296,1
xxx05297,1
xxx05298,1
xxx05299,1
xxx05300,1
xxx05301,1
xxx05302,0
xxx05303,0
xxx05304,1
xxx05305,0
xxx05306,0
xxx05307,1
xxx05308,1
xxx05309,1
xxx05310,1
xxx05311,0
xxx05312,0
xxx05313,1
xxx05314,1
xxx05315,0
xxx05316,1
xxx05317,1
xxx05318,1
xxx05319,0
xxx05320,1
xxx05321,0
xxx05322,1
xxx05323,1
xxx05324,1
xxx05325,1
xxx05326,1
xxx05327,1
xxx05328,0
xxx05329,1
xxx05330,1
xxx05331,1
xxx05332,0
xxx05333,1
xxx05334,0
xxx05335,1
xxx05336,0
xxx05337,0
xxx05338,1
xxx05339,1
xxx05340,0
xxx05341,0
xxx05342,0
xxx05343,1
xxx05344,0
xxx05345,0
xxx05346,1
xxx05347,1
xxx05348,0
xxx05349,1
xxx05350,1
xxx05351,0
xxx05352,0
xxx05353,0
xxx05354,0
xxx05355,0
xxx05356,1
xxx05357,0
xxx05358,0
xxx05359,1
xxx05360,0
xxx05361,0
xxx05362,0
xxx05363,1
xxx05364,0
xxx05365,1
xxx05366,1
xxx05367,0
xxx05368,0
xxx05369,0
xxx05370,1
xxx05371,0
xxx05372,1
xxx05373,1
xxx05374,0
xxx05375,0
xxx05376,1
xxx05377,1
xxx05378,0
xxx05379,1
xxx05380,0
xxx05381,0
xxx05382,0
xxx05383,1
xxx05384,1
xxx05385,0
xxx05386,1
xxx05387,1
xxx05388,0
xxx05389,0
xxx05390,1
xxx05391,1
xxx05392,0
xxx05393,0
xxx05394,1
xxx05395,1
xxx05396,1
xxx05397,1
xxx05398,0
xxx05399,0
xxx05400,1
xxx05401,0
xxx05402,0
xxx05403,0
xxx05404,0
xxx05405,1
xxx05406,0
xxx05407,0
xxx05408,0
xxx05409,1
xxx05410,0
xxx05411,1
xxx05412,0
xxx05413,0
xxx05414,1
xxx05415,1
xxx05416,1
xxx05417,1
xxx05418,0
xxx05419,0
xxx05420,1
xxx05421,0
xxx05422,1
xxx05423,1
xxx05424,1
xxx05425,1
xxx05426,1
xxx05427,0
xxx05428,0
xxx05429,1
xxx05430,0
xxx05431,1
xxx05432,1
xxx05433,1
xxx05434,1
xxx05435,0
xxx05436,1
xxx05437,1
xxx05438,0
xxx05439,1
xxx05440,0
xxx05441,1
xxx05442,1
xxx05443,0
xxx05444,0
xxx05445,0
xxx05446,1
xxx05447,1
xxx05448,0
xxx05449,1
xxx05450,0
xxx05451,1
xxx05452,1
xxx05453,0
xxx05454,1
xxx05455,0
xxx05456,1
xxx05457,1
xxx05458,1
xxx05459,0
xxx05460,1
xxx05461,1
xxx05462,0
xxx05463,1
xxx05464,0
xxx05465,1
xxx05466,0
xxx05467,1
xxx05468,0
xxx05469,0
xxx05470,0
xxx05471,0
xxx05472,1
xxx05473,0
xxx05474,0
xxx05475,1
xxx05476,0
xxx05477,0
xxx05478,1
xxx05479,0
xxx05480,1
xxx05481,1
xxx05482,0
xxx05483,0
xxx05484,0
xxx05485,0
xxx05486,1
xxx05487,1
xxx05488,0
xxx05489,0
xxx05490,0
xxx05491,1
xxx05492,0
xxx05493,1
xxx05494,1
xxx05495,0
xxx05496,0
xxx05497,1
xxx05498,1
xxx05499,0
xxx05500,1
xxx05501,1
xxx05502,1
xxx05503,0
xxx05504,1
xxx05505,0
xxx05506,0
xxx05507,1
xxx05508,1
xxx05509,1
xxx05510,0
xxx05511,0
xxx05512,0
xxx05513,0
xxx05514,0
xxx05515,1
xxx05516,0
xxx05517,0
xxx05518,1
xxx05519,0
xxx05520,0
xxx05521,0
xxx05522,1
xxx05523,0
xxx05524,1
xxx05525,0
xxx05526,0
xxx05527,1
xxx05528,0
xxx05529,1
xxx05530,0
xxx05531,1
xxx05532,1
xxx05533,1
xxx05534,0
xxx05535,1
xxx05536,0
xxx05537,1
xxx05538,0
xxx05539,0
xxx05540,0
xxx05541,0
xxx05542,1
xxx05543,0
xxx05544,1
xxx05545,1
xxx05546,0
xxx05547,1
xxx05548,1
xxx05549,1
xxx05550,0
xxx05551,0
xxx05552,0
xxx05553,1
xxx05554,0
xxx05555,0
xxx05556,1
xxx05557,1
xxx05558,1
xxx05559,0
xxx05560,0
xxx05561,1
xxx05562,1
xxx05563,1
xxx05564,0
xxx05565,1
xxx05566,0
xxx05567,0
xxx05568,1
xxx05569,0
xxx05570,1
xxx05571,0
xxx05572,1
xxx05573,1
xxx05574,0
xxx05575,0
xxx05576,0
xxx05577,1
xxx05578,0
xxx05579,0
xxx05580,0
xxx05581,0
xxx05582,0
xxx05583,1
xxx05584,1
xxx05585,0
xxx05586,0
xxx05587,1
xxx05588,0
xxx05589,1
xxx05590,0
xxx05591,0
xxx05592,0
xxx05593,0
xxx05594,0
xxx05595,0
xxx05596,1
xxx05597,1
xxx05598,0
xxx05599,0
xxx05600,1
xxx05601,1
xxx05602,1
xxx05603,1
xxx05604,0
xxx05605,0
xxx05606,0
xxx05607,1
xxx05608,0
xxx05609,1
xxx05610,1
xxx05611,0
xxx05612,0
xxx05613,0
xxx05614,0
xxx05615,1
xxx05616,1
xxx05617,1
xxx05618,0
xxx05619,0
xxx05620,0
xxx05621,1
xxx05622,1
xxx05623,1
xxx05624,0
xxx05625,0
xxx05626,0
xxx05627,0
xxx05628,1
xxx05629,0
xxx05630,1
xxx05631,1
xxx05632,1
xxx05633,0
xxx05634,1
xxx05635,0
xxx05636,1
xxx05637,1
xxx05638,0
xxx05639,0
xxx05640,0
xxx05641,0
xxx05642,0
xxx05643,0
xxx05644,1
xxx05645,1
xxx05646,0
xxx05647,1
xxx05648,0
xxx05649,1
xxx05650,1
xxx05651,1
xxx05652,1
xxx05653,0
xxx05654,1
xxx05655,1
xxx05656,1
xxx05657,1
xxx05658,1
xxx05659,1
xxx05660,1
xxx05661,1
xxx05662,1
xxx05663,0
xxx05664,1
xxx05665,1
xxx05666,1
xxx05667,1
xxx05668,0
xxx05669,1
xxx05670,0
xxx05671,0
xxx05672,0
xxx05673,0
xxx05674,1
xxx05675,0
xxx05676,0
xxx05677,1
xxx05678,0
xxx05679,0
xxx05680,1
xxx05681,0
xxx05682,0
xxx05683,0
xxx05684,1
xxx05685,1
xxx05686,0
xxx05687,0
xxx05688,1
xxx05689,0
xxx05690,1
xxx05691,1
xxx05692,0
xxx05693,0
xxx05694,1
xxx05695,0
xxx05696,1
xxx05697,0
xxx05698,1
xxx05699,1
xxx05700,1
xxx05701,1
xxx05702,1
xxx05703,1
xxx05704,0
xxx05705,1
xxx05706,0
xxx05707,0
xxx05708,0
xxx05709,0
xxx05710,1
xxx05711,1
xxx05712,1
xxx05713,0
xxx05714,1
xxx05715,0
xxx05716,1
xxx05717,1
xxx05718,0
xxx05719,0
xxx05720,1
xxx05721,0
xxx05722,0
xxx05723,1
xxx05724,0
xxx05725,0
xxx05726,1
xxx05727,0
xxx05728,0
xxx05729,1
xxx05730,0
xxx05731,0
xxx05732,1
xxx05733,1
xxx05734,0
xxx05735,0
xxx05736,1
xxx05737,0
xxx05738,0
xxx05739,1
xxx05740,1
xxx05741,1
xxx05742,0
xxx05743,0
xxx05744,0
xxx05745,0
xxx05746,1
xxx05747,1
xxx05748,0
xxx05749,1
xxx05750,1
xxx05751,1
xxx05752,1
xxx05753,0
xxx05754,0
xxx05755,1
xxx05756,0
xxx05757,1
xxx05758,1
xxx05759,0
xxx05760,0
xxx05761,0
xxx05762,0
xxx05763,0
xxx05764,0
xxx05765,1
xxx05766,0
xxx05767,1
xxx05768,1
xxx05769,1
xxx05770,0
xxx05771,0
xxx05772,0
xxx05773,1
xxx05774,1
xxx05775,0
xxx05776,0
xxx05777,1
xxx05778,0
xxx05779,0
xxx05780,1
xxx05781,0
xxx05782,0
xxx05783,0
xxx05784,0
xxx05785,1
xxx05786,0
xxx05787,1
xxx05788,0
xxx05789,0
xxx05790,1
xxx05791,1
xxx05792,1
xxx05793,0
xxx05794,1
xxx05795,1
xxx05796,0
xxx05797,1
xxx05798,0
xxx05799,1
xxx05800,1
xxx05801,0
xxx05802,1
xxx05803,0
xxx05804,0
xxx05805,0
xxx05806,0
xxx05807,0
xxx05808,0
xxx05809,1
xxx05810,1
xxx05811,1
xxx05812,0
xxx05813,1
xxx05814,1
xxx05815,0
xxx05816,0
xxx05817,0
xxx05818,1
xxx05819,0
xxx05820,0
xxx05821,1
xxx05822,1
xxx05823,0
xxx05824,1
xxx05825,1
xxx05826,0
xxx05827,1
xxx05828,0
xxx05829,0
xxx05830,1
xxx05831,1
xxx05832,0
xxx05833,1
xxx05834,0
xxx05835,1
xxx05836,0
xxx05837,1
xxx05838,0
xxx05839,1
xxx05840,0
xxx05841,0
xxx05842,0
xxx05843,0
xxx05844,1
xxx05845,0
xxx05846,0
xxx05847,0
xxx05848,0
xxx05849,0
xxx05850,0
xxx05851,0
xxx05852,1
xxx05853,0
xxx05854,0
xxx05855,0
xxx05856,0
xxx05857,1
xxx05858,0
xxx05859,1
xxx05860,0
xxx05861,0
xxx05862,0
xxx05863,1
xxx05864,1
xxx05865,1
xxx05866,1
xxx05867,0
xxx05868,1
xxx05869,0
xxx05870,1
xxx05871,0
xxx05872,0
xxx05873,1
xxx05874,0
xxx05875,0
xxx05876,0
xxx05877,0
xxx05878,1
xxx05879,0
xxx05880,0
xxx05881,0
xxx05882,0
xxx05883,1
xxx05884,0
xxx05885,1
xxx05886,1
xxx05887,1
xxx05888,0
xxx05889,0
xxx05890,1
xxx05891,0
xxx05892,0
xxx05893,1
xxx05894,0
xxx05895,1
xxx05896,1
xxx05897,1
xxx05898,1
xxx05899,0
xxx05900,0
xxx05901,1
xxx05902,0
xxx05903,1
xxx05904,0
xxx05905,1
xxx05906,1
xxx05907,1
xxx05908,0
xxx05909,1
xxx05910,1
xxx05911,0
xxx05912,0
xxx05913,1
xxx05914,0
xxx05915,0
xxx05916,0
xxx05917,1
xxx05918,1
xxx05919,1
xxx05920,0
xxx05921,0
xxx05922,0
xxx05923,1
xxx05924,0
xxx05925,0
xxx05926,0
xxx05927,1
xxx05928,1
xxx05929,1
xxx05930,1
xxx05931,0
xxx05932,0
xxx05933,0
xxx05934,1
xxx05935,1
xxx05936,1
xxx05937,1
xxx05938,1
xxx05939,1
xxx05940,1
xxx05941,1
xxx05942,1
xxx05943,1
xxx05944,1
xxx05945,0
xxx05946,0
xxx05947,1
xxx05948,1
xxx05949,1
xxx05950,0
xxx05951,1
xxx05952,0
xxx05953,0
xxx05954,0
xxx05955,0
xxx05956,1
xxx05957,0
xxx05958,0
xxx05959,0
xxx05960,1
xxx05961,1
xxx05962,0
xxx05963,0
xxx05964,1
xxx05965,1
xxx05966,0
xxx05967,1
xxx05968,0
xxx05969,0
xxx05970,1
xxx05971,0
xxx05972,1
xxx05973,1
xxx05974,1
xxx05975,1
xxx05976,1
xxx05977,1
xxx05978,0
xxx05979,1
xxx05980,0
xxx05981,1
xxx05982,1
xxx05983,0
xxx05984,0
xxx05985,1
xxx05986,0
xxx05987,1
xxx05988,0
xxx05989,1
xxx05990,0
xxx05991,0
xxx05992,0
xxx05993,1
xxx05994,0
xxx05995,1
xxx05996,0
xxx05997,1
xxx05998,0
xxx05999,0
xxx06000,0
xxx06001,1
xxx06002,1
xxx06003,0
xxx06004,0
xxx06005,1
xxx06006,1
xxx06007,0
xxx06008,0
xxx06009,1
xxx06010,0
xxx06011,0
xxx06012,0
xxx06013,0
xxx06014,1
xxx06015,0
xxx06016,1
xxx06017,0
xxx06018,0
xxx06019,0
xxx06020,0
xxx06021,0
xxx06022,0
xxx06023,1
xxx06024,1
xxx06025,1
xxx06026,0
xxx06027,1
xxx06028,0
xxx06029,1
xxx06030,0
xxx06031,1
xxx06032,0
xxx06033,0
xxx06034,0
xxx06035,0
xxx06036,0
xxx06037,1
xxx06038,0
xxx06039,1
xxx06040,0
xxx06041,0
xxx06042,0
xxx06043,0
xxx06044,0
xxx06045,0
xxx06046,0
xxx06047,1
xxx06048,0
xxx06049,0
xxx06050,0
xxx06051,0
xxx06052,1
xxx06053,0
xxx06054,0
xxx06055,1
xxx06056,0
xxx06057,1
xxx06058,0
xxx06059,0
xxx06060,1
xxx06061,0
xxx06062,0
xxx06063,0
xxx06064,1
xxx06065,1
xxx06066,0
xxx06067,1
xxx06068,0
xxx06069,1
xxx06070,0
xxx06071,0
xxx06072,0
xxx06073,0
xxx06074,0
xxx06075,0
xxx06076,1
xxx06077,1
xxx06078,1
xxx06079,0
xxx06080,1
xxx06081,1
xxx06082,1
xxx06083,1
xxx06084,0
xxx06085,1
xxx06086,1
xxx06087,1
xxx06088,1
xxx06089,0
xxx06090,1
xxx06091,1
xxx06092,1
xxx06093,1
xxx06094,0
xxx06095,0
xxx06096,1
xxx06097,0
xxx06098,0
xxx06099,0
xxx06100,0
xxx06101,1
xxx06102,1
xxx06103,1
xxx06104,0
xxx06105,1
xxx06106,0
xxx06107,1
xxx06108,0
xxx06109,0
xxx06110,0
xxx06111,0
xxx06112,0
xxx06113,1
xxx06114,0
xxx06115,0
xxx06116,1
xxx06117,1
xxx06118,1
xxx06119,1
xxx06120,1
xxx06121,1
xxx06122,1
xxx06123,0
xxx06124,0
xxx06125,1
xxx06126,0
xxx06127,1
xxx06128,1
xxx06129,1
xxx06130,1
xxx06131,0
xxx06132,1
xxx06133,1
xxx06134,1
xxx06135,0
xxx06136,1
xxx06137,0
xxx06138,0
xxx06139,0
xxx06140,1
xxx06141,0
xxx06142,0
xxx06143,0
xxx06144,1
xxx06145,0
xxx06146,0
xxx06147,0
xxx06148,0
xxx06149,0
xxx06150,1
xxx06151,0
xxx06152,1
xxx06153,1
xxx06154,1
xxx06155,1
xxx06156,0
xxx06157,0
xxx06158,0
xxx06159,0
xxx06160,1
xxx06161,1
xxx06162,0
xxx06163,0
xxx06164,1
xxx06165,0
xxx06166,0
xxx06167,1
xxx06168,1
xxx06169,0
xxx06170,1
xxx06171,0
xxx06172,1
xxx06173,0
xxx06174,1
xxx06175,0
xxx06176,1
xxx06177,1
xxx06178,1
xxx06179,1
xxx06180,1
xxx06181,0
xxx06182,1
xxx06183,1
xxx06184,1
xxx06185,1
xxx06186,1
xxx06187,1
xxx06188,1
xxx06189,1
xxx06190,0
xxx06191,1
xxx06192,0
xxx06193,0
xxx06194,1
xxx06195,1
xxx06196,0
xxx06197,0
xxx06198,1
xxx06199,1
xxx06200,0
xxx06201,0
xxx06202,1
xxx06203,1
xxx06204,0
xxx06205,0
xxx06206,0
xxx06207,0
xxx06208,0
xxx06209,0
xxx06210,0
xxx06211,0
xxx06212,0
xxx06213,1
xxx06214,0
xxx06215,1
xxx06216,1
xxx06217,1
xxx06218,0
xxx06219,1
xxx06220,1
xxx06221,0
xxx06222,1
xxx06223,1
xxx06224,1
xxx06225,1
xxx06226,0
xxx06227,0
xxx06228,0
xxx06229,0
xxx06230,1
xxx06231,1
xxx06232,1
xxx06233,0
xxx06234,1
xxx06235,0
xxx06236,1
xxx06237,1
xxx06238,0
xxx06239,0
xxx06240,1
xxx06241,0
xxx06242,0
xxx06243,1
xxx06244,0
xxx06245,1
xxx06246,0
xxx06247,1
xxx06248,1
xxx06249,1
xxx06250,0
xxx06251,0
xxx06252,1
xxx06253,0
xxx06254,1
xxx06255,0
xxx06256,0
xxx06257,0
xxx06258,0
xxx06259,1
xxx06260,1
xxx06261,1
xxx06262,0
xxx06263,0
xxx06264,1
xxx06265,0
xxx06266,1
xxx06267,1
xxx06268,1
xxx06269,0
xxx06270,1
xxx06271,1
xxx06272,0
xxx06273,1
xxx06274,1
xxx06275,0
xxx06276,1
xxx06277,0
xxx06278,1
xxx06279,0
xxx06280,1
xxx06281,0
xxx06282,1
xxx06283,1
xxx06284,0
xxx06285,0
xxx06286,1
xxx06287,1
xxx06288,0
xxx06289,0
xxx06290,0
xxx06291,1
xxx06292,0
xxx06293,0
xxx06294,0
xxx06295,1
xxx06296,1
xxx06297,0
xxx06298,1
xxx06299,1
xxx06300,0
xxx06301,0
xxx06302,1
xxx06303,0
xxx06304,0
xxx06305,0
xxx06306,0
xxx06307,0
xxx06308,1
xxx06309,1
xxx06310,0
xxx06311,1
xxx06312,1
xxx06313,0
xxx06314,0
xxx06315,0
xxx06316,1
xxx06317,0
xxx06318,0
xxx06319,1
xxx06320,1
xxx06321,1
xxx06322,1
xxx06323,1
xxx06324,0
xxx06325,0
xxx06326,1
xxx06327,0
xxx06328,0
xxx06329,0
xxx06330,1
xxx06331,0
xxx06332,0
xxx06333,1
xxx06334,0
xxx06335,1
xxx06336,1
xxx06337,1
xxx06338,1
xxx06339,0
xxx06340,1
